year,Y,R1,R2,R3,R4,R5,R6,R7,R8,R9,R10,R11,R12,R13,R14,R15
2017,1,1.71,1.38,0.57,0.06,0.03,0.05,4.02,4.61,5.93,2.31,0.21,0.6,1.15,0.51,2.57
2018,1,2.16,,0.83,0.1,0.05,0.11,4.48,5.71,6.58,2.35,0.31,0.6,1.34,0.61,3.24
2019,1,1.96,1.52,0.82,0.11,0.06,0.08,4.7,5.39,6.68,2.85,0.42,0.52,1.27,0.64,2.85
2020,1,1.79,1.05,0.63,0.08,0.04,0.07,4.26,5.3,5.5,2.01,0.21,0.66,1.17,0.56,2.55
2021,1,1.98,1.33,0.72,0.08,0.05,0.08,4.59,5.46,5.99,2.6,0.32,0.71,1.2,0.64,3.11
2022,1,2.0,1.56,0.69,0.08,0.09,0.1,3.92,5.43,6.23,2.06,,0.55,1.19,0.66,2.76
2023,1,1.62,1.16,0.66,0.02,0.03,0.04,3.46,5.13,4.7,2.03,0.15,0.7,1.11,0.52,2.29
2017,1,1.38,1.07,0.5,0.08,0.03,0.07,,4.57,4.82,1.63,0.11,0.69,0.98,0.43,2.35
2018,1,2.3,1.82,0.93,0.11,0.07,0.11,4.99,6.44,7.39,2.59,0.31,0.54,1.32,0.68,3.37
2019,1,2.58,1.79,0.91,0.12,0.06,0.11,5.24,6.87,6.93,2.73,0.45,0.55,1.33,0.62,3.73
2020,1,2.4,1.86,0.89,0.1,0.1,0.1,4.58,6.03,7.36,3.05,0.41,0.52,1.51,0.72,3.93
2021,1,1.67,1.12,0.38,0.04,0.03,0.07,3.43,4.86,5.53,1.87,0.16,0.7,1.02,0.46,2.09
2022,1,1.39,1.06,0.49,0.01,0.01,0.02,3.55,4.65,5.47,1.97,,0.64,1.07,0.53,2.09
2023,1,2.09,1.62,0.76,0.04,0.05,0.07,4.01,5.38,6.07,2.45,0.31,0.6,1.25,0.66,2.99
2017,1,2.42,1.84,0.79,0.17,0.08,0.12,5.54,6.79,7.41,3.18,0.44,0.54,1.4,0.78,3.92
2018,1,1.33,0.98,0.5,0.02,0.0,0.05,3.07,4.3,5.22,1.68,0.15,0.76,1.03,0.43,2.26
2019,1,1.55,1.11,0.6,0.04,0.05,0.04,3.32,5.18,5.55,1.7,,0.61,1.33,0.5,2.64
2020,1,2.35,1.93,0.88,0.12,0.1,0.12,4.98,7.16,7.76,2.83,0.34,0.56,1.49,,3.93
2021,1,2.48,1.61,0.78,0.1,0.08,0.1,4.72,6.03,7.03,2.58,0.37,0.59,1.43,0.68,3.22
2022,1,1.98,1.62,0.77,0.04,0.04,0.07,4.63,6.29,7.23,2.51,0.36,0.62,,0.65,3.35
2023,1,1.76,1.42,0.5,0.03,0.02,0.04,3.85,5.09,5.92,1.85,0.14,0.67,1.09,0.57,2.31
2017,1,1.0,1.02,0.48,0.03,0.0,0.05,2.97,4.11,4.64,1.7,0.02,0.71,1.03,0.48,2.03
2018,1,2.67,1.84,0.7,0.1,0.09,0.1,5.03,6.48,7.9,2.97,0.47,0.56,1.37,0.71,3.72
2019,1,1.65,1.41,0.62,0.06,0.06,0.07,3.76,4.54,6.08,1.97,0.26,0.7,1.1,0.56,2.42
2020,1,1.51,1.18,0.55,0.06,0.04,0.07,3.47,4.5,5.3,1.86,0.01,0.66,1.1,0.47,2.11
2021,1,2.1,1.72,0.86,0.09,0.08,0.06,,5.55,,2.6,0.34,0.56,1.51,0.59,2.93
2022,1,1.6,1.33,0.58,0.06,0.06,0.07,3.81,4.94,5.29,1.96,0.14,0.6,1.08,0.51,2.22
2023,1,1.03,1.01,0.38,0.06,0.02,0.02,,4.44,4.47,1.3,-0.07,0.72,0.84,0.5,1.55
2017,1,1.52,1.29,0.56,0.04,0.04,0.07,3.53,4.93,5.9,1.9,0.21,0.65,1.08,0.5,2.5
2018,1,1.91,1.63,0.81,0.05,0.08,0.09,4.68,6.3,6.55,2.53,0.36,0.54,1.47,0.67,3.89
2019,1,2.12,1.71,0.74,0.11,0.09,0.1,4.27,5.79,6.59,2.46,0.27,0.58,1.34,0.65,3.56
2020,1,1.74,1.59,0.7,0.11,0.04,,3.81,5.74,5.73,2.33,0.28,0.63,1.3,0.56,2.94
2021,1,,1.38,0.62,0.07,0.03,0.11,3.46,5.23,5.69,1.9,0.19,0.65,1.12,0.58,2.55
2022,1,1.49,1.07,0.53,0.06,0.03,0.05,3.13,4.75,5.18,1.62,0.13,0.68,0.99,0.41,2.14
2023,1,1.84,1.39,0.58,0.04,0.04,0.06,3.75,5.44,6.35,1.96,0.31,0.7,1.12,0.57,2.85
2017,1,2.15,1.85,0.85,0.1,0.1,0.11,5.38,6.02,6.89,2.93,0.26,0.61,1.42,0.63,3.06
2018,0,1.91,1.18,0.59,0.01,0.06,0.07,3.59,5.04,5.56,1.74,0.28,0.63,1.08,0.51,2.72
2019,1,2.16,1.86,0.94,0.09,0.07,0.1,4.46,5.92,6.63,2.94,0.39,0.55,1.21,0.6,3.5
2020,0,1.12,0.86,0.29,0.0,0.02,0.02,2.64,3.96,4.62,1.53,0.14,0.72,0.85,0.3,1.78
2021,1,1.98,1.79,0.7,0.13,0.1,0.11,3.97,6.45,7.63,2.55,0.34,0.53,1.39,0.71,3.5
2022,0,1.6,1.29,0.52,0.01,0.06,0.05,3.16,4.71,5.26,2.02,0.3,0.69,1.11,0.6,2.59
2023,1,1.72,1.59,0.86,0.12,0.07,0.06,4.41,6.04,6.34,2.5,0.38,0.57,1.23,0.64,3.2
2017,0,0.97,0.42,0.17,0.03,0.02,-0.01,2.33,3.72,3.92,1.03,-0.08,0.83,0.82,0.37,0.66
2018,0,0.64,0.53,0.17,-0.02,-0.0,0.0,2.09,3.53,3.11,0.78,-0.16,0.78,0.7,0.33,0.96
2019,0,1.32,,0.43,0.05,-0.01,0.05,2.36,4.29,5.6,1.72,0.11,0.79,0.91,0.44,2.0
2020,0,0.95,0.78,0.35,-0.11,0.01,0.01,2.49,3.87,4.43,1.34,-0.0,0.79,0.85,0.34,1.12
2021,0,0.68,0.61,0.15,-0.05,0.0,-0.03,2.27,3.45,3.38,1.26,-0.12,0.86,0.59,0.4,
2022,0,0.73,0.53,0.23,0.04,-0.01,-0.01,2.49,2.96,3.94,1.33,-0.04,0.83,0.79,0.28,1.11
2023,0,1.24,0.83,,-0.0,0.01,0.01,2.51,4.27,4.75,0.97,-0.02,0.75,0.93,0.36,1.35
2017,1,2.48,1.94,0.87,0.11,0.08,0.08,5.39,6.65,7.32,3.02,0.45,0.5,1.54,0.78,3.83
2018,1,1.79,1.33,0.64,0.04,0.04,0.09,3.69,5.44,6.35,2.16,0.17,0.64,1.25,0.55,2.33
2019,1,,1.64,0.77,0.11,0.08,0.08,4.59,5.38,6.41,2.7,0.22,0.57,1.35,0.63,2.85
2020,1,2.53,1.72,0.89,0.14,0.1,0.11,5.23,6.19,7.14,2.68,0.43,0.52,1.45,0.73,3.84
2021,1,2.36,1.84,0.83,#DIV/0!,0.05,0.07,3.77,6.29,6.69,2.75,0.41,0.58,1.37,0.63,3.22
2022,1,1.98,1.55,0.69,0.02,0.07,0.1,4.05,5.67,6.28,2.47,0.38,0.64,1.26,0.63,3.34
2023,1,2.06,1.53,0.66,0.12,0.07,0.12,4.59,6.03,6.34,2.29,0.29,0.55,,0.69,3.07
2017,0,0.98,0.73,0.28,0.03,-0.01,0.0,2.08,3.22,4.42,1.12,-0.05,0.71,0.74,0.32,0.94
2018,0,1.41,0.77,0.3,-0.02,0.02,0.02,2.89,3.57,4.34,1.24,-0.04,0.76,0.79,0.41,1.26
2019,0,1.11,0.82,0.4,0.01,-0.0,0.03,,4.77,4.76,1.63,0.1,0.69,1.08,0.34,1.99
2020,0,1.26,,0.51,#DIV/0!,0.02,0.04,3.18,4.63,4.71,1.45,0.03,0.69,0.92,0.42,2.26
2021,0,1.34,0.78,0.2,-0.02,-0.02,0.02,2.76,3.41,3.88,1.32,-0.05,0.72,0.93,,1.28
2022,0,0.65,,0.11,-0.05,0.01,-0.02,2.39,3.44,3.24,0.86,-0.12,0.79,0.72,0.26,0.73
2023,0,0.86,0.55,0.16,-0.08,-0.03,-0.02,1.94,3.07,3.76,0.88,-0.01,0.8,0.78,0.28,0.82
2017,0,1.51,1.15,0.4,0.04,0.05,0.04,3.06,4.9,5.13,1.47,0.08,0.68,1.14,0.51,2.43
2018,0,0.95,0.73,0.24,-0.04,0.01,0.02,2.36,,3.65,1.13,0.05,0.79,0.74,0.33,1.5
2019,0,1.19,0.55,0.35,0.01,0.03,0.04,2.76,4.45,5.14,1.4,0.06,0.69,0.78,0.34,1.46
2020,0,1.22,0.7,0.36,0.02,0.01,0.04,2.68,3.71,4.66,1.8,0.06,0.77,0.87,0.33,1.68
2021,0,1.95,1.26,0.48,0.03,0.05,0.05,4.31,5.19,6.02,2.15,0.2,0.58,1.16,0.67,2.3
2022,0,0.82,,0.18,-0.0,-0.01,0.04,2.43,3.79,3.97,1.34,-0.07,0.84,0.78,0.36,0.81
2023,0,1.79,1.07,0.53,0.02,0.05,,3.43,5.12,5.79,1.96,0.14,0.62,1.02,0.46,2.1
2017,0,1.74,1.47,0.63,0.04,0.05,0.08,4.21,5.76,5.81,2.3,0.22,0.64,1.21,0.58,3.09
2018,0,1.01,0.77,0.32,-0.02,-0.01,0.01,2.54,3.48,3.75,1.34,0.04,0.76,0.79,,1.47
2019,0,1.01,0.53,0.36,-0.04,0.02,-0.0,2.66,4.02,4.2,1.34,-0.01,0.77,0.81,0.31,1.89
2020,0,1.03,0.6,0.29,-0.05,0.02,-0.01,1.91,3.35,3.67,1.1,-0.01,0.83,0.77,0.29,0.93
2021,0,0.94,0.67,0.32,-0.01,-0.0,0.05,2.64,3.61,4.23,1.32,0.03,0.71,0.94,0.41,1.8
2022,0,1.33,1.12,0.41,0.0,0.03,0.03,2.61,4.27,4.71,1.5,0.15,0.7,1.0,0.41,1.89
2023,0,1.36,0.88,0.26,0.01,0.02,0.04,3.02,3.82,4.5,1.86,0.05,0.77,1.05,0.41,1.73
2017,1,2.3,1.71,0.81,0.13,0.08,,4.98,5.42,7.94,2.66,0.39,0.48,1.42,0.75,3.14
2018,1,1.56,1.07,0.39,0.01,0.01,0.05,2.95,3.86,4.93,1.49,0.04,0.7,0.99,0.37,2.27
2019,1,1.92,1.98,0.87,0.09,0.07,0.08,4.81,6.56,6.85,2.87,0.3,0.52,1.53,0.69,3.77
2020,1,1.41,0.99,0.59,0.03,0.03,0.02,3.28,4.99,5.1,1.56,0.15,0.7,1.04,0.43,1.93
2021,0,1.5,1.34,0.51,-0.01,0.05,0.06,3.95,5.45,6.36,2.18,0.39,0.65,1.32,0.45,3.01
2022,0,1.34,0.86,0.48,0.01,0.02,0.03,3.08,4.29,4.42,1.66,0.15,0.72,1.06,0.41,1.66
2023,0,1.18,0.91,0.37,-0.03,0.02,-0.0,2.98,3.83,4.58,1.57,0.2,0.76,1.02,0.47,1.84
2017,1,2.13,1.87,0.88,0.08,0.07,0.12,5.11,7.05,7.15,2.85,0.32,0.59,1.49,0.75,3.92
2018,1,2.56,1.86,0.8,0.12,0.1,0.11,4.82,6.37,7.09,2.92,0.3,0.53,1.57,0.77,3.26
2019,1,1.53,1.33,0.55,0.06,0.04,,3.22,4.91,5.27,2.18,0.26,0.67,1.01,0.51,1.94
2020,1,2.51,1.8,0.99,0.05,0.1,0.09,4.77,6.73,7.49,,0.31,0.59,1.41,0.68,3.84
2021,1,1.5,1.38,0.69,0.08,0.08,0.07,4.1,4.8,5.67,1.94,0.28,0.64,1.25,0.53,2.57
2022,1,1.93,1.44,0.86,0.12,0.06,0.12,4.24,6.01,6.41,2.5,0.31,0.58,1.38,0.64,3.32
2023,1,2.22,1.58,0.71,0.01,0.07,0.08,4.09,5.59,6.48,2.37,0.34,0.57,1.33,0.67,3.11
2017,1,2.16,1.69,0.88,0.08,0.08,0.07,5.14,6.65,8.0,2.92,0.29,0.58,1.34,0.74,3.18
2018,1,1.88,1.67,0.79,0.14,0.09,0.08,4.03,6.01,6.45,2.74,0.18,0.67,1.35,0.59,3.29
2019,1,1.67,1.37,0.57,0.09,0.06,0.06,4.38,,5.51,2.18,0.34,0.6,1.25,0.6,2.96
2020,1,1.86,1.4,0.63,0.07,0.06,0.06,3.9,5.37,6.06,2.24,0.29,0.57,1.13,0.58,2.67
2021,0,1.28,0.95,0.34,-0.01,0.02,0.02,2.85,4.09,4.22,1.6,0.09,0.69,0.89,0.39,1.55
2022,0,1.04,0.65,0.29,0.03,0.02,0.01,2.7,3.93,3.63,1.26,0.15,0.82,0.79,0.31,1.2
2023,0,0.99,0.81,0.3,0.01,0.01,0.03,2.46,3.83,,1.2,-0.01,0.75,0.92,0.36,1.56
2017,1,1.33,0.92,0.47,0.02,0.01,0.05,3.61,4.62,4.02,2.07,0.16,0.77,1.09,0.5,2.09
2018,1,1.69,1.31,0.6,#DIV/0!,0.05,0.08,4.07,5.19,6.38,2.48,0.11,0.67,1.14,0.58,2.96
2019,1,1.39,1.2,0.47,#DIV/0!,0.05,0.05,3.61,5.32,5.72,2.18,0.17,0.73,1.12,0.5,2.68
2020,1,1.66,1.26,0.49,0.01,0.06,0.04,3.56,5.01,4.9,2.0,0.17,0.65,1.01,0.52,2.6
2021,1,1.77,1.53,0.73,0.03,0.06,0.12,4.27,5.46,5.96,1.96,0.29,0.68,1.19,0.5,2.73
2022,1,2.23,1.63,0.69,0.11,0.06,0.07,4.4,6.5,6.51,2.65,0.37,0.59,1.44,0.61,2.99
2023,1,1.27,1.27,0.47,0.03,0.02,0.05,3.41,5.09,4.96,2.13,0.19,0.69,1.05,0.46,2.16
2017,0,0.85,0.66,0.34,-0.01,0.0,-0.01,2.64,3.97,4.27,1.26,0.02,0.77,0.86,0.3,1.48
2018,0,1.4,0.9,0.4,0.05,0.05,0.04,3.13,4.31,5.18,1.72,0.02,0.74,1.1,0.47,
2019,0,,0.81,0.38,-0.02,0.0,-0.02,2.7,3.69,4.17,1.45,0.03,0.7,0.77,0.41,1.9
2020,0,1.66,1.01,0.46,0.04,0.03,0.04,3.74,4.61,4.88,1.7,0.27,0.68,0.97,0.4,2.07
2021,0,0.99,,0.25,-0.02,0.01,-0.01,2.27,3.61,4.06,1.34,0.04,0.73,0.77,0.3,1.72
2022,0,0.97,0.45,0.12,-0.01,0.0,0.01,2.39,3.89,3.5,0.78,-0.03,0.78,0.66,0.29,1.22
2023,0,1.17,0.95,0.42,0.01,0.0,0.03,3.53,4.32,3.57,1.79,0.04,0.81,0.96,0.34,1.32
2017,1,2.2,1.8,0.74,0.09,0.07,0.09,4.25,5.92,6.72,2.52,0.32,0.59,1.45,0.7,3.49
2018,1,1.72,1.26,0.66,0.03,0.03,0.07,3.59,5.27,5.64,1.54,0.19,0.69,1.1,0.48,1.92
2019,1,2.22,1.69,0.8,0.12,0.05,0.1,4.69,6.45,6.49,2.47,0.38,0.5,1.49,0.68,3.79
2020,1,1.6,1.01,0.57,0.07,0.03,0.08,3.81,5.36,5.57,1.8,0.22,0.64,1.12,0.5,2.68
2021,1,2.21,1.66,0.69,0.1,0.1,0.06,4.3,6.25,6.81,2.69,0.3,0.61,1.38,0.69,3.42
2022,1,1.91,1.55,0.67,0.08,0.06,0.1,4.68,6.29,5.55,2.28,0.17,0.55,1.26,0.63,2.95
2023,1,1.71,1.28,0.75,0.07,0.04,0.07,4.2,5.4,6.47,1.93,0.13,0.64,1.22,0.42,2.58
2017,1,1.91,1.36,0.77,0.09,0.04,0.1,,5.59,6.21,2.67,0.27,,1.18,,2.8
2018,1,2.08,1.63,0.69,0.02,0.07,0.09,4.08,5.93,5.82,2.6,0.27,0.57,1.25,0.6,3.05
2019,1,0.92,0.91,0.4,-0.03,0.02,0.02,2.73,4.38,4.03,1.67,0.01,0.8,0.84,0.37,1.69
2020,1,2.2,1.94,0.9,0.14,0.07,0.15,4.87,6.79,7.86,2.75,0.44,0.51,,0.68,3.72
2021,1,1.48,0.94,0.43,0.06,0.02,0.06,3.83,4.65,5.44,1.97,0.08,0.66,0.99,0.45,2.39
2022,1,1.35,1.17,0.55,0.03,0.03,0.04,3.55,4.56,5.29,2.06,0.1,0.67,0.97,0.51,2.1
2023,1,1.78,1.4,0.64,#DIV/0!,0.07,0.03,4.15,5.01,6.04,1.91,0.16,,1.03,,2.89
2017,0,1.13,0.57,,-0.01,-0.03,-0.03,2.06,2.92,3.56,1.13,0.03,0.83,0.66,,0.87
2018,0,0.83,0.61,,0.04,0.01,-0.0,2.27,3.4,3.78,1.01,-0.07,0.8,0.66,0.32,0.85
2019,0,1.03,0.72,0.12,-0.0,-0.01,-0.01,2.3,3.07,4.01,1.29,0.04,0.74,0.72,0.21,0.84
2020,0,0.7,0.43,0.04,-0.04,-0.02,-0.04,1.59,2.67,2.76,0.4,-0.04,0.84,,0.32,0.93
2021,0,1.15,0.68,0.28,-0.04,-0.02,0.01,2.62,3.86,4.24,1.3,-0.05,0.8,0.74,0.38,1.3
2022,0,1.11,0.79,0.3,-0.01,0.0,0.01,2.47,4.14,3.55,1.41,0.04,0.77,0.93,0.34,1.53
2023,0,0.65,0.27,0.17,0.01,,0.0,2.24,2.53,2.88,1.08,-0.08,0.78,0.63,0.27,0.61
2017,1,1.49,1.31,0.63,0.1,0.03,0.05,3.43,4.82,5.87,1.91,0.15,0.69,1.17,0.53,2.33
2018,1,2.0,1.45,0.66,0.09,0.06,0.08,4.44,5.22,5.39,2.23,0.25,0.66,1.22,0.59,3.37
2019,1,1.31,0.77,0.41,0.0,0.04,0.04,2.85,3.98,,1.91,0.17,0.69,1.01,0.34,1.73
2020,1,1.84,1.44,0.61,0.04,0.07,,4.15,4.84,6.28,1.96,0.22,0.65,1.28,0.59,3.16
2021,0,1.29,0.64,,-0.02,-0.01,0.03,1.99,3.28,4.23,1.18,0.01,0.84,0.86,0.32,1.74
2022,0,1.15,0.59,0.29,-0.06,0.02,0.01,2.22,3.27,4.3,1.54,-0.05,0.79,0.8,0.38,1.59
2023,0,1.28,0.79,0.36,0.02,0.0,0.03,2.95,3.74,4.63,1.56,0.03,0.72,0.85,0.37,1.71
2017,1,2.27,1.56,0.79,0.09,0.08,0.08,4.34,6.09,7.17,2.37,0.27,0.56,1.34,0.57,3.66
2018,1,1.83,1.33,0.71,0.07,0.07,0.05,4.3,4.87,5.92,2.31,0.26,0.66,1.09,0.57,3.08
2019,1,1.95,1.42,0.69,0.08,0.07,0.08,4.37,5.43,6.06,2.3,0.31,0.64,1.26,0.53,3.04
2020,1,1.56,1.04,0.52,0.05,0.04,0.06,3.42,5.27,4.49,1.99,0.25,0.72,1.09,0.45,2.72
2021,1,1.86,1.4,0.58,0.05,0.08,0.09,4.15,5.7,6.88,2.37,,0.57,1.16,0.57,2.63
2022,1,1.36,1.23,0.53,0.08,0.03,0.07,3.8,4.85,4.54,1.82,0.27,0.69,1.14,0.49,2.26
2023,1,1.45,0.93,0.47,0.05,0.02,0.0,2.95,4.02,3.96,1.5,0.08,0.7,0.9,0.36,1.89
2017,1,2.36,1.92,0.87,0.11,0.1,0.12,4.91,6.43,6.59,2.88,0.38,0.56,1.53,0.76,3.75
2018,1,2.11,1.79,0.82,#DIV/0!,0.06,,4.56,5.99,6.39,2.47,0.3,0.58,1.28,0.64,2.98
2019,1,1.78,1.35,0.62,0.1,0.05,0.07,3.84,5.68,6.12,2.17,0.15,0.64,1.25,0.52,2.69
2020,1,1.87,1.43,0.69,0.07,0.06,0.1,4.09,6.28,6.27,2.22,0.34,0.62,1.08,0.58,2.81
2021,1,2.01,1.7,0.71,0.05,0.07,0.06,3.83,6.27,6.18,2.27,0.27,0.56,1.32,0.58,3.3
2022,1,1.93,1.33,0.85,#DIV/0!,0.04,0.09,3.89,5.55,6.71,2.79,0.33,0.58,1.31,0.55,3.02
2023,1,1.93,1.46,0.77,0.06,0.08,0.08,4.55,5.37,6.04,2.37,0.28,0.59,1.48,0.7,3.13
2017,0,0.78,0.41,0.09,-0.04,-0.03,-0.06,1.84,3.09,2.24,0.58,-0.07,0.86,0.81,0.26,0.77
2018,0,1.13,0.73,0.31,0.01,-0.0,0.0,2.8,,4.15,1.1,0.06,0.78,0.81,0.4,1.04
2019,0,1.37,1.01,0.38,0.02,0.03,0.02,2.71,4.11,4.29,1.57,-0.02,0.74,0.83,0.39,1.93
2020,0,1.48,1.02,0.51,0.05,0.04,0.04,3.18,4.58,5.37,,0.16,0.65,1.04,0.43,2.29
2021,1,1.76,1.24,0.61,0.01,0.05,0.03,3.44,5.28,4.62,2.37,0.25,0.59,,0.64,2.47
2022,1,1.69,0.94,0.54,0.01,0.03,0.04,3.6,4.89,5.11,2.11,0.13,0.64,,0.52,2.27
2023,1,1.17,0.64,0.21,0.02,-0.01,0.0,2.75,3.74,4.75,1.13,-0.0,0.77,0.87,,1.4
2017,1,2.35,1.67,0.87,0.09,0.05,0.1,4.52,6.26,7.61,2.74,0.3,0.59,1.44,0.63,3.08
2018,1,2.32,1.71,0.8,0.07,0.1,0.07,4.57,6.38,7.1,2.41,0.31,0.54,1.23,0.66,3.16
2019,1,2.32,1.72,0.74,0.06,0.03,0.09,4.63,5.97,7.04,2.34,0.32,0.57,1.35,0.69,3.24
2020,1,1.59,1.16,0.55,0.0,0.03,0.05,3.58,5.08,5.63,1.89,0.19,0.64,1.09,0.46,2.65
2021,1,1.77,1.6,0.75,0.04,0.05,,4.26,5.73,6.2,2.37,0.2,0.63,1.25,0.56,2.53
2022,1,1.75,1.36,0.54,0.08,0.05,,3.32,5.11,5.34,2.11,0.28,0.67,,0.54,2.58
2023,1,2.07,1.5,0.68,0.11,0.05,0.07,4.55,5.51,6.31,2.33,0.19,0.6,1.21,0.62,3.29
2017,1,2.02,1.62,0.87,0.11,0.07,0.07,4.18,5.27,6.61,2.23,0.27,0.62,1.27,0.59,2.74
2018,1,2.31,1.85,0.86,0.09,0.06,0.09,4.44,5.96,6.39,2.73,0.45,0.57,1.41,0.68,2.74
2019,1,1.72,1.26,0.72,0.1,0.04,0.07,3.91,5.71,6.04,2.17,0.2,0.65,1.17,,2.68
2020,1,,1.36,0.75,0.08,0.05,0.03,3.69,4.84,,2.33,0.24,0.7,1.13,0.56,2.38
2021,1,1.51,1.34,0.48,0.05,0.06,0.08,3.88,,5.65,2.02,0.37,0.67,1.09,0.46,2.49
2022,1,2.09,1.81,0.87,0.07,0.04,0.1,4.59,6.12,7.36,2.73,0.31,0.51,1.4,0.64,3.47
2023,1,2.39,1.88,0.82,#DIV/0!,0.08,,4.58,5.97,6.46,2.63,,0.53,1.38,0.64,3.15
2017,0,1.82,1.28,0.57,0.07,0.04,0.06,3.88,5.77,6.37,2.1,0.23,0.57,1.07,0.51,3.03
2018,0,1.69,1.24,0.56,0.09,0.03,0.06,3.44,4.26,4.74,1.79,0.14,0.74,1.16,0.54,2.25
2019,0,1.76,1.21,0.56,0.05,0.04,0.06,3.38,5.52,5.04,2.07,0.25,0.67,1.02,0.54,2.38
2020,0,1.12,0.89,0.32,0.02,0.02,0.0,2.98,4.29,3.72,1.47,0.02,0.8,0.86,0.32,1.6
2021,0,0.76,0.48,0.19,0.04,-0.01,-0.01,2.04,3.41,3.08,1.33,-0.06,0.8,0.78,0.24,1.14
2022,0,1.65,1.19,0.52,0.05,0.04,0.04,3.28,5.34,5.52,1.82,0.18,0.68,1.13,0.52,2.47
2023,0,1.09,1.01,0.48,0.03,0.02,0.04,3.07,4.57,5.07,1.54,0.05,0.71,1.0,0.4,1.66
2017,1,2.15,1.48,0.74,0.07,0.08,0.09,5.02,6.64,7.47,2.47,0.37,0.55,1.4,0.63,3.67
2018,1,1.87,1.19,0.53,0.03,0.03,0.05,3.96,5.64,4.75,2.0,0.22,0.66,1.29,0.44,1.9
2019,1,2.68,1.92,0.95,0.13,0.08,0.1,4.94,7.28,7.57,3.16,0.41,0.5,1.41,0.76,4.25
2020,1,1.51,1.27,0.58,#DIV/0!,0.02,0.07,3.55,,5.36,2.2,0.27,0.64,1.2,0.46,2.55
2021,1,2.21,1.9,0.78,0.07,0.1,0.1,,5.77,6.47,2.58,0.34,0.5,1.45,0.7,3.31
2022,1,1.7,1.23,0.65,0.05,0.04,0.06,3.7,5.02,5.83,1.89,0.15,0.67,1.14,0.57,2.62
2023,1,,1.35,0.72,0.1,0.08,0.09,4.49,5.42,5.51,1.98,0.3,0.64,1.2,0.52,2.56
2017,1,1.68,1.13,0.51,0.04,0.03,0.02,3.85,5.35,5.45,1.96,0.24,0.68,1.06,0.49,2.66
2018,1,1.96,1.44,0.63,0.03,0.03,0.07,3.75,5.59,5.33,2.49,0.28,0.63,1.33,0.6,2.63
2019,1,2.02,1.46,0.68,#DIV/0!,0.08,0.06,4.1,,5.73,2.25,0.36,0.56,1.22,0.55,3.0
2020,1,2.16,1.5,0.75,#DIV/0!,0.07,0.06,5.1,6.18,6.71,2.73,0.35,0.56,1.42,0.66,3.01
2021,1,2.11,1.39,0.8,#DIV/0!,0.05,0.08,4.43,5.23,6.32,2.36,0.25,0.61,1.23,0.66,2.83
2022,1,2.13,1.38,0.68,0.08,0.03,0.11,4.09,5.43,6.33,2.46,0.25,0.63,1.33,0.58,2.94
2023,1,2.12,,0.71,0.13,0.09,,4.44,5.78,6.56,2.58,0.46,0.59,1.4,0.7,3.37
2017,0,1.19,0.92,0.28,0.01,-0.0,0.05,2.54,4.05,4.31,1.81,,0.74,0.91,0.39,1.46
2018,0,0.74,0.42,0.22,-0.03,-0.01,-0.0,2.4,3.1,3.74,1.26,-0.09,0.72,0.79,0.4,1.08
2019,0,1.24,1.07,0.35,-0.0,0.0,0.03,2.67,4.42,,1.54,0.06,0.8,0.94,0.45,1.72
2020,0,1.43,0.66,0.32,-0.02,0.02,0.02,2.43,3.83,4.65,1.12,-0.02,0.73,0.89,0.41,1.0
2021,0,1.09,0.95,0.31,0.06,-0.01,0.0,2.75,3.3,3.45,1.09,0.03,0.74,0.92,0.37,1.71
2022,0,0.96,0.86,0.3,-0.0,0.01,0.01,2.91,2.85,4.11,1.46,-0.1,0.8,0.77,0.34,1.17
2023,0,1.38,0.97,0.54,0.02,0.03,,2.9,4.37,5.48,1.67,0.03,0.67,1.01,0.47,2.1
2017,1,2.24,1.74,0.86,0.11,0.08,0.08,4.69,6.62,7.64,2.74,0.4,0.57,,0.7,3.75
2018,1,1.6,1.26,0.5,0.05,0.02,0.02,3.38,5.04,5.66,1.7,0.21,0.68,1.03,0.43,2.37
2019,1,2.27,1.9,0.85,0.07,0.08,0.11,4.85,5.85,6.48,2.43,0.43,0.59,1.32,0.66,3.34
2020,1,2.11,1.35,0.75,0.11,0.05,0.1,4.71,5.9,6.5,2.17,0.34,0.57,1.3,0.62,2.16
2021,1,,1.2,0.45,0.04,0.02,0.08,3.5,4.44,5.58,1.83,0.09,0.69,1.1,0.53,2.29
2022,1,2.14,1.4,0.63,0.08,,0.09,4.05,5.56,6.18,2.07,0.31,0.58,1.15,0.57,2.73
2023,1,1.65,1.09,0.49,0.04,0.07,0.05,2.84,4.63,5.67,1.73,0.22,0.68,1.16,0.47,2.18
2017,0,0.85,0.69,0.37,-0.02,0.01,-0.01,2.47,3.78,4.39,1.25,-0.01,0.79,0.88,0.37,1.84
2018,0,0.87,0.87,0.25,-0.05,0.02,0.0,2.85,3.45,4.75,1.47,-0.02,0.71,1.01,0.34,1.26
2019,0,1.51,1.21,0.52,0.08,0.05,0.05,3.84,4.98,5.73,2.08,0.22,0.67,1.17,0.57,2.66
2020,0,0.99,,0.29,-0.0,0.02,0.01,2.73,3.5,4.25,1.3,0.07,0.73,0.81,0.38,2.02
2021,0,1.14,0.82,0.39,0.01,0.03,0.01,2.64,3.64,4.7,1.43,-0.06,0.75,0.91,0.37,1.69
2022,0,0.87,0.65,0.19,-0.02,-0.0,-0.01,2.53,3.59,3.6,1.11,-0.05,0.77,0.64,0.28,0.98
2023,0,1.03,0.78,0.39,0.03,0.04,,2.62,4.27,4.31,1.61,0.02,0.66,1.03,0.39,1.79
2017,1,1.57,1.36,0.69,0.08,0.07,0.06,4.38,5.46,6.23,2.39,0.17,0.59,1.14,0.61,2.7
2018,1,1.72,1.18,0.43,0.02,0.05,0.08,3.14,3.85,4.87,2.11,0.06,0.73,1.17,0.5,2.16
2019,1,2.1,1.33,0.66,0.05,0.07,0.09,,5.74,6.07,2.39,0.22,0.64,1.22,0.54,2.93
2020,1,2.26,1.78,0.7,0.05,0.07,0.07,4.06,5.94,6.86,3.1,0.37,0.63,1.37,0.68,3.29
2021,1,1.77,1.23,0.55,0.07,0.06,0.05,4.27,5.58,6.45,2.09,0.31,0.72,1.15,0.54,2.42
2022,1,2.49,1.83,0.88,0.08,0.11,,5.2,6.97,7.15,2.65,0.44,0.56,1.62,0.72,3.72
2023,1,2.05,1.77,0.77,0.1,0.09,0.11,4.68,5.75,7.23,2.87,0.3,0.53,1.48,0.66,3.24
2017,1,1.31,1.32,0.43,0.05,0.01,0.06,3.41,4.73,5.31,1.89,0.18,0.67,1.0,0.47,2.32
2018,1,1.66,1.53,0.53,0.03,0.05,0.08,3.83,5.27,5.87,2.26,0.18,0.59,1.33,0.58,2.96
2019,1,1.96,1.41,0.75,0.05,0.05,0.06,4.19,5.72,6.29,2.26,0.18,0.61,1.34,0.62,2.91
2020,1,2.1,1.4,0.54,0.13,0.04,0.07,4.04,4.64,5.45,2.4,0.2,0.68,1.14,0.53,3.04
2021,1,1.81,1.2,0.73,#DIV/0!,0.06,0.08,3.94,5.91,6.65,2.2,0.27,0.59,1.24,0.56,
2022,1,2.13,1.44,,0.07,0.08,0.07,3.94,6.09,6.36,2.23,0.25,0.59,,0.57,3.04
2023,1,1.84,1.62,0.6,#DIV/0!,0.05,0.07,4.38,5.31,6.34,2.43,0.22,0.59,1.22,0.57,2.58
2017,0,1.1,0.83,0.34,0.02,0.03,0.03,2.99,3.43,3.94,1.5,0.07,0.78,0.94,0.36,1.92
2018,0,1.18,0.71,0.25,0.04,0.01,0.02,2.37,,4.94,1.3,-0.04,0.77,0.79,0.29,1.32
2019,0,1.3,0.86,0.36,0.02,0.01,0.05,2.12,4.43,4.7,1.44,0.04,0.75,0.96,0.37,1.39
2020,0,1.03,0.65,0.21,-0.05,,-0.0,2.07,2.87,3.37,1.0,0.03,0.83,0.72,0.28,1.35
2021,1,1.4,1.37,0.6,0.09,0.04,0.07,3.45,4.17,5.66,1.97,0.15,0.68,1.24,0.53,2.5
2022,1,1.96,1.62,0.67,0.11,0.08,0.12,4.39,,5.79,2.59,0.36,0.65,1.3,0.6,2.79
2023,1,1.36,1.22,0.61,0.06,0.04,0.07,3.84,4.8,5.56,2.01,0.17,0.71,1.1,0.48,1.75
2017,1,1.35,0.99,0.5,0.05,0.02,0.04,3.26,4.84,5.37,1.61,0.14,0.72,1.0,0.46,2.03
2018,1,1.97,1.52,0.68,#DIV/0!,0.05,0.1,4.16,5.64,,2.4,0.32,0.58,1.32,0.68,2.9
2019,1,1.85,1.33,0.63,0.04,0.04,0.04,4.22,5.47,6.12,2.23,0.25,0.68,1.17,0.58,2.86
2020,1,2.4,1.77,0.77,0.06,0.1,0.06,4.7,7.39,,2.71,0.28,0.61,,0.72,3.54
2021,1,2.15,1.5,0.75,0.09,,0.07,,6.14,7.05,2.55,0.32,0.61,1.31,0.72,2.97
2022,1,2.41,1.83,0.77,0.12,0.08,0.14,4.93,6.49,7.28,2.81,0.39,0.54,1.46,0.72,3.77
2023,1,2.0,1.67,0.79,0.08,0.09,0.08,4.7,6.12,6.91,2.98,0.37,0.57,1.35,0.7,3.6
2017,0,1.04,0.92,0.31,-0.03,0.0,0.02,2.36,4.1,3.92,1.13,-0.02,0.71,0.69,0.34,1.39
2018,0,1.11,0.68,0.17,-0.01,-0.01,-0.01,2.48,3.59,3.79,1.12,-0.02,0.75,,0.26,1.22
2019,0,0.78,0.68,0.27,-0.06,-0.01,-0.01,2.31,3.42,3.25,1.13,-0.07,0.75,0.77,0.3,1.35
2020,0,1.05,0.52,0.26,-0.01,-0.0,0.0,2.6,3.46,3.62,0.96,-0.04,0.75,0.76,0.3,1.43
2021,0,0.84,0.73,0.25,-0.01,0.01,0.03,2.22,3.15,4.03,1.04,-0.09,0.78,0.77,0.27,0.98
2022,0,0.86,0.68,0.27,-0.06,0.0,0.02,2.12,3.56,3.3,1.18,-0.02,0.82,0.8,0.25,1.17
2023,0,1.03,0.63,0.22,-0.03,0.02,0.03,1.97,3.39,4.24,0.88,-0.04,0.85,0.58,0.31,0.72
2017,1,1.56,1.21,0.48,0.04,0.04,0.07,3.4,5.29,5.06,1.8,0.15,0.67,0.93,0.52,2.77
2018,1,2.21,1.64,0.72,0.12,0.08,0.09,4.66,6.31,6.43,2.68,0.3,0.6,1.35,0.67,3.19
2019,1,2.19,1.71,0.78,0.08,0.09,0.1,4.47,5.69,7.33,2.61,0.26,0.58,1.35,0.64,3.44
2020,1,2.04,1.44,0.71,#DIV/0!,0.06,0.08,4.13,4.94,6.57,2.5,0.29,0.56,1.24,0.64,2.73
2021,1,2.4,1.63,0.8,0.07,0.08,0.07,,6.09,6.36,2.73,0.25,0.57,1.4,0.66,3.41
2022,1,1.93,1.63,0.76,0.08,0.04,,4.18,6.05,6.25,2.14,0.33,0.6,1.09,0.61,3.07
2023,1,,1.22,0.59,-0.04,0.01,0.08,3.57,4.97,5.75,1.99,0.18,0.67,1.04,0.57,2.47
2017,1,1.79,1.3,0.5,-0.01,0.03,0.06,3.41,5.05,6.04,1.96,0.19,0.69,1.04,0.47,2.58
2018,1,2.26,1.7,0.83,0.05,0.1,0.11,4.99,6.17,6.72,2.53,0.39,0.55,1.38,0.69,3.23
2019,1,1.95,1.41,0.69,0.04,0.04,0.08,4.38,5.48,5.87,2.21,0.3,0.67,1.32,0.65,2.69
2020,1,1.48,0.98,0.51,#DIV/0!,0.02,0.04,3.3,4.37,5.37,1.59,0.25,0.73,1.06,0.58,2.03
2021,1,1.73,1.13,0.63,0.06,0.07,0.06,3.42,4.66,,2.0,0.17,0.66,1.1,0.53,2.39
2022,1,2.4,1.64,0.77,0.08,0.08,0.1,4.07,5.72,6.9,2.55,0.26,0.63,1.3,0.65,3.24
2023,1,0.95,0.69,0.35,#DIV/0!,0.03,0.03,2.74,,4.19,1.65,-0.03,0.7,1.04,0.39,1.55
2017,1,1.97,1.45,0.67,0.05,0.05,0.09,4.36,,5.93,2.24,0.28,0.55,1.21,0.54,3.07
2018,1,1.86,1.53,0.68,0.06,0.04,,3.86,6.02,6.38,2.3,0.31,0.57,1.26,0.51,3.01
2019,0,1.18,0.98,0.36,-0.0,0.02,0.04,2.94,3.86,4.73,1.45,0.17,0.72,0.91,,2.02
2020,0,0.97,0.65,0.11,-0.04,0.01,0.0,2.53,3.81,3.6,1.1,-0.02,0.81,0.78,0.25,1.21
2021,1,2.06,1.72,0.74,0.1,0.05,0.09,4.82,5.94,7.15,3.13,0.33,0.6,1.4,0.66,3.49
2022,1,1.74,1.62,0.59,0.06,0.09,0.08,3.47,5.34,5.91,2.29,0.25,0.64,1.12,0.55,2.89
2023,0,1.0,0.8,0.25,-0.03,-0.01,0.04,2.45,3.2,4.08,1.12,-0.02,0.79,0.92,0.34,1.15
2017,0,0.55,0.69,0.2,-0.06,0.01,0.01,2.52,2.75,4.05,1.1,0.03,0.83,0.74,0.34,1.22
2018,0,1.05,0.92,0.41,-0.0,0.01,,2.74,4.55,4.3,1.25,0.01,0.78,0.83,,1.68
2019,0,1.25,1.12,0.49,0.03,0.03,0.0,,4.84,4.68,1.88,0.14,0.68,1.11,0.44,2.41
2020,0,0.86,0.44,0.16,0.03,0.01,-0.03,2.62,3.16,4.03,1.24,0.07,0.77,0.72,0.19,1.13
2021,0,1.44,0.83,0.45,0.03,0.03,0.02,2.45,4.63,4.81,1.7,0.1,0.72,1.04,0.35,2.23
2022,0,1.9,1.46,0.66,0.07,0.03,0.06,3.98,5.43,6.33,1.97,0.26,0.6,1.17,0.54,
2023,0,1.49,1.07,0.56,0.01,0.02,0.07,3.6,4.89,5.45,1.92,0.24,0.62,0.99,0.46,2.43
2017,1,1.48,1.23,0.64,0.07,0.05,0.05,,5.02,5.94,2.22,0.18,0.74,1.15,0.51,2.87
2018,1,1.35,0.94,0.46,-0.01,0.02,0.04,3.22,3.71,4.3,1.55,0.07,0.73,1.01,0.42,1.9
2019,1,2.18,1.67,0.72,0.08,0.1,0.1,4.05,6.17,7.17,2.4,0.3,0.63,1.35,0.64,2.93
2020,1,2.47,1.77,0.78,0.16,0.05,0.1,4.67,6.13,7.23,2.47,0.37,0.57,1.34,0.75,3.39
2021,1,1.91,1.46,0.59,0.07,0.05,0.01,4.86,,5.83,2.05,0.2,0.61,1.33,0.57,2.77
2022,1,2.0,1.54,0.89,0.03,0.08,0.09,4.47,6.13,6.5,2.66,0.36,0.54,1.38,0.69,3.9
2023,1,1.94,1.44,0.65,0.12,0.06,0.05,3.71,5.06,6.21,,0.27,0.66,1.36,0.55,2.44
2017,1,1.66,1.2,0.58,0.06,0.04,0.03,3.83,4.77,5.24,2.04,0.08,0.67,1.14,0.56,2.34
2018,1,1.82,1.34,0.63,0.06,,0.06,,5.58,5.6,2.16,0.3,0.63,1.13,0.57,2.77
2019,1,1.77,1.29,0.69,0.04,0.06,0.09,3.71,5.0,6.14,1.81,0.24,0.59,1.26,,2.6
2020,1,1.56,1.25,0.47,-0.02,0.03,0.07,3.78,4.59,5.5,1.99,0.24,0.63,1.01,0.4,2.11
2021,0,0.71,0.48,0.13,-0.08,-0.0,0.01,2.07,3.34,3.43,0.91,-0.01,0.77,0.57,0.21,1.14
2022,0,0.92,0.54,0.1,-0.08,-0.0,0.02,1.98,2.8,2.99,1.16,-0.11,0.81,0.76,0.29,0.78
2023,0,1.47,0.91,0.52,0.02,0.04,0.02,3.06,4.69,4.7,1.73,0.07,0.68,1.04,0.46,2.04
2017,0,1.43,0.96,0.51,0.01,0.04,0.07,3.5,5.15,4.84,2.03,0.24,0.69,1.22,0.44,2.05
2018,0,1.58,1.07,0.48,0.03,0.05,0.03,3.55,4.64,4.45,1.61,0.09,0.74,1.11,,1.96
2019,0,0.99,0.66,0.41,#DIV/0!,-0.02,-0.01,2.22,3.12,3.41,1.17,-0.05,0.75,0.94,0.3,1.17
2020,0,1.54,0.98,0.49,0.01,,0.02,3.28,,5.55,1.57,0.12,0.71,1.05,0.49,2.04
2021,0,1.43,1.16,0.61,0.06,0.05,0.06,3.89,5.28,5.45,1.8,0.1,0.66,1.0,0.52,2.38
2022,0,,1.45,0.78,0.04,0.05,0.07,3.76,4.65,6.43,2.12,0.23,0.68,1.28,0.65,2.87
2023,0,1.32,1.07,0.44,0.0,0.02,0.05,3.08,4.58,4.5,1.91,0.08,0.72,0.99,,2.14
2017,1,1.95,1.54,0.79,0.07,0.07,,4.21,5.56,6.43,2.38,0.3,0.59,1.32,0.54,3.08
2018,1,1.67,1.22,0.55,0.03,0.05,0.07,3.75,4.88,5.04,1.63,0.18,0.6,,0.57,2.13
2019,1,1.77,1.64,0.8,0.07,0.07,0.08,4.21,6.49,6.72,2.35,0.24,0.55,1.28,0.64,3.35
2020,1,2.29,1.78,0.81,0.14,0.07,0.1,4.62,6.37,7.61,2.58,0.38,0.56,1.37,0.68,3.99
2021,1,1.91,1.59,0.82,0.06,0.08,0.08,4.67,6.48,5.76,2.26,0.29,0.64,1.36,0.57,3.33
2022,1,1.27,,0.34,0.0,0.0,0.01,3.23,4.47,4.17,1.45,0.08,0.73,0.91,0.43,1.82
2023,1,2.22,1.69,0.8,0.07,0.06,0.11,4.53,6.27,6.22,2.59,0.28,0.58,,0.72,3.23
2017,0,1.07,0.56,0.14,-0.0,0.02,-0.01,1.97,3.66,3.53,1.27,0.05,0.8,0.85,0.35,1.48
2018,0,1.25,1.02,0.39,0.0,0.02,0.02,2.99,4.03,4.29,1.52,0.07,0.8,0.88,0.4,1.71
2019,0,1.24,0.78,0.33,-0.04,-0.02,-0.01,,3.37,4.16,1.28,0.08,0.72,0.88,0.35,1.27
2020,0,0.86,0.44,0.26,#DIV/0!,0.02,0.02,2.76,4.0,3.52,1.24,0.04,0.77,0.82,0.34,1.44
2021,1,2.14,1.36,0.77,0.11,0.06,0.09,,5.52,6.18,2.45,0.18,0.6,1.18,0.65,2.86
2022,1,2.17,1.6,0.74,0.07,0.08,0.05,4.01,6.47,6.01,2.57,0.35,0.52,1.19,0.67,2.89
2023,1,1.51,1.31,0.67,0.06,0.03,0.07,4.29,5.12,,2.15,0.1,0.64,1.1,0.55,2.66
2017,0,1.09,1.05,0.23,#DIV/0!,0.01,0.04,2.46,3.72,4.0,1.41,0.06,0.79,0.78,0.39,1.83
2018,0,1.56,1.09,0.43,0.0,0.03,0.05,3.01,4.72,5.12,1.5,0.15,0.71,0.97,0.45,1.91
2019,0,0.79,0.77,0.22,-0.05,0.01,0.01,2.51,3.12,3.93,1.35,0.01,0.82,0.87,0.33,1.03
2020,0,1.34,0.8,0.28,0.01,0.03,0.0,2.93,3.95,4.59,1.49,0.02,0.74,0.87,0.38,1.41
2021,0,0.72,0.42,0.32,-0.07,0.01,-0.01,2.23,2.92,3.71,0.88,0.01,0.84,0.72,0.28,1.13
2022,0,0.92,0.62,0.13,-0.04,-0.03,-0.02,2.14,3.67,4.1,0.8,0.02,0.75,0.66,0.26,0.99
2023,0,1.5,1.06,0.46,-0.04,0.05,0.02,3.84,4.74,4.74,1.7,0.17,0.61,1.12,0.42,2.11
2017,1,1.55,1.17,0.59,0.04,0.02,0.06,3.69,4.9,5.78,2.13,0.15,,1.1,0.52,2.32
2018,1,1.52,1.06,0.56,0.05,0.04,0.06,3.52,5.5,5.63,2.07,0.09,0.63,1.13,0.43,2.17
2019,1,2.44,1.78,0.81,0.13,0.08,0.12,4.47,5.81,6.15,2.66,0.29,0.52,1.47,0.6,3.46
2020,1,1.65,1.44,0.71,0.05,0.09,0.11,4.0,5.52,6.59,2.25,0.21,0.65,1.26,0.54,2.89
2021,1,1.82,1.46,0.74,0.04,0.07,0.06,4.33,,5.34,2.18,0.11,0.57,1.1,0.59,2.89
2022,1,2.04,1.64,0.76,0.05,0.07,0.11,4.73,6.03,6.66,2.54,0.34,0.58,1.38,0.66,2.97
2023,1,1.89,1.33,0.54,0.13,0.05,0.07,3.56,5.73,,1.88,0.23,0.63,1.36,0.61,2.34
2017,0,0.69,0.47,0.13,-0.06,-0.0,-0.02,1.97,2.88,3.54,0.86,-0.07,0.84,0.58,0.25,0.99
2018,0,1.62,1.17,0.48,0.02,0.03,0.04,3.64,5.24,5.82,1.76,0.22,0.71,1.09,0.55,2.6
2019,0,1.36,1.27,0.37,0.01,0.04,0.06,3.15,4.34,5.22,2.14,0.05,0.68,1.06,0.43,1.96
2020,0,0.8,0.41,0.14,-0.04,-0.0,-0.01,1.87,2.87,3.19,1.1,-0.2,0.81,0.71,0.29,0.82
2021,1,1.84,1.23,0.61,0.05,0.06,0.08,4.26,4.96,5.04,2.09,0.13,0.74,1.12,0.57,2.86
2022,1,1.41,1.09,0.5,-0.01,0.02,0.04,3.01,3.74,4.7,1.72,0.17,0.77,1.0,0.46,2.21
2023,1,1.84,1.33,0.56,0.04,0.05,0.06,3.74,5.45,5.8,2.13,0.29,0.71,1.07,0.47,2.48
2017,1,1.94,1.52,0.64,0.06,0.05,0.07,4.28,5.49,6.52,2.43,0.34,0.63,1.19,0.6,2.74
2018,1,2.06,1.58,0.79,0.11,0.06,0.08,4.2,6.6,7.1,2.62,0.29,0.58,1.35,0.72,3.23
2019,1,1.84,1.53,0.79,0.08,0.08,0.11,4.82,5.59,6.51,2.39,0.19,0.62,1.35,0.6,2.72
2020,1,1.62,1.45,0.6,0.09,0.06,0.07,3.65,4.82,5.66,2.41,0.27,0.62,1.15,0.51,2.27
2021,1,2.13,1.45,0.67,0.03,0.07,,3.92,6.17,5.96,2.43,0.28,0.54,1.29,0.61,2.48
2022,1,2.32,1.52,0.86,0.14,0.08,0.12,4.46,7.1,7.53,2.85,0.34,0.52,1.43,0.74,
2023,1,1.97,1.65,0.61,0.05,0.04,0.07,3.76,4.97,5.3,1.91,0.3,0.6,1.16,0.55,2.73
2017,0,0.95,0.45,0.27,#DIV/0!,-0.0,-0.03,2.36,3.82,3.44,0.92,-0.05,0.82,0.7,0.33,1.51
2018,0,1.64,1.06,0.44,0.03,0.05,0.06,,4.83,6.12,2.02,0.16,0.65,,0.45,2.08
2019,0,1.05,0.94,0.35,-0.02,0.01,0.03,2.78,4.4,3.93,1.51,0.0,0.77,0.82,0.35,1.54
2020,0,1.55,1.22,0.58,0.07,,0.05,3.47,4.26,6.26,2.03,0.22,0.69,1.11,0.52,2.25
2021,0,0.86,0.34,0.07,-0.02,0.0,,2.51,3.16,3.42,0.73,-0.02,0.76,0.83,0.3,1.55
2022,0,0.93,0.71,0.23,-0.03,-0.01,0.02,2.17,4.17,3.2,1.13,0.04,0.78,0.73,0.32,1.17
2023,0,0.87,0.37,0.12,-0.0,-0.02,-0.04,1.46,2.8,2.98,0.85,-0.11,0.88,0.64,0.16,0.9
2017,0,0.8,0.52,0.08,-0.07,-0.02,-0.03,2.19,3.46,3.36,1.13,-0.0,0.81,0.74,0.27,0.68
2018,0,1.15,0.62,0.24,-0.07,0.01,-0.04,2.67,3.04,4.46,1.27,0.05,0.75,0.71,0.25,1.53
2019,0,1.51,0.97,0.53,0.05,0.05,0.04,3.15,3.89,4.64,1.65,0.1,0.79,0.99,0.37,2.16
2020,0,1.35,1.03,0.45,0.05,0.03,0.04,3.36,5.09,4.67,1.95,0.24,0.69,0.98,0.42,2.12
2021,0,0.86,0.44,0.12,-0.03,-0.03,-0.01,2.4,2.75,3.25,1.11,-0.03,0.83,0.68,0.21,0.96
2022,0,1.04,0.63,0.24,-0.05,0.02,0.0,2.08,3.05,3.46,0.86,0.01,0.77,0.75,0.27,1.19
2023,0,1.42,1.0,0.43,#DIV/0!,0.02,0.02,3.11,4.08,5.76,1.85,0.21,0.72,1.13,0.47,2.26
2017,0,1.01,0.33,0.29,-0.05,,,2.11,3.9,4.15,0.97,0.02,0.78,0.7,0.32,1.41
2018,0,0.8,0.42,0.22,-0.08,-0.03,-0.02,1.63,3.64,3.31,0.85,-0.04,0.85,0.71,0.26,0.64
2019,0,1.12,0.75,0.37,-0.03,0.04,-0.01,2.89,4.08,4.5,1.72,-0.1,0.76,0.89,0.41,1.67
2020,0,1.47,1.3,0.53,0.02,0.04,0.03,3.54,4.83,5.56,2.06,0.17,0.63,1.15,0.49,1.84
2021,0,1.13,0.56,0.2,-0.01,-0.0,0.01,2.41,3.76,4.55,1.03,0.07,0.72,,0.39,1.21
2022,0,1.4,1.04,0.53,0.01,0.02,,2.78,4.47,4.66,1.74,0.14,0.73,1.07,0.43,1.95
2023,0,1.07,0.9,0.31,0.02,0.02,0.03,2.64,3.83,4.75,1.41,0.07,0.75,0.91,0.44,1.68
2017,0,1.77,1.33,0.54,0.03,0.05,0.06,3.48,5.32,5.54,2.25,0.2,0.65,1.08,0.49,2.84
2018,0,1.54,0.91,0.56,-0.04,0.03,0.03,2.82,4.22,4.8,1.72,0.05,0.73,1.0,0.47,1.76
2019,0,1.17,0.63,0.32,-0.02,-0.0,0.03,2.46,3.77,4.73,1.32,0.0,0.74,0.93,0.44,1.37
2020,0,1.01,0.67,0.28,-0.04,0.01,0.04,2.68,3.3,4.26,1.31,0.03,0.74,0.83,0.38,1.12
2021,0,1.18,0.79,0.35,0.05,-0.01,0.02,3.12,3.55,4.14,1.1,0.17,0.67,0.94,0.32,1.32
2022,0,1.76,1.45,0.61,-0.01,0.04,0.05,3.13,4.5,5.52,2.04,0.13,0.61,1.21,0.49,2.38
2023,0,1.16,0.89,0.32,-0.03,0.0,0.0,2.41,4.14,,1.08,-0.01,0.72,0.89,0.41,1.64
2017,0,1.05,0.73,0.29,-0.03,-0.0,-0.0,2.85,3.99,4.32,1.72,-0.02,0.79,0.86,0.37,1.71
2018,1,1.71,1.35,0.59,0.08,0.04,0.07,3.23,5.55,6.08,2.0,0.22,0.69,1.07,0.52,2.19
2019,0,0.69,0.39,0.22,-0.0,0.0,0.03,2.03,3.09,3.59,0.99,-0.02,0.79,0.63,0.21,1.12
2020,1,2.06,1.63,0.8,0.12,0.06,0.1,4.22,5.88,6.04,2.45,0.25,0.6,1.3,0.68,3.07
2021,1,2.13,1.58,0.79,0.14,0.09,0.14,4.32,6.64,7.29,2.66,0.41,0.56,1.45,0.71,3.73
2022,1,2.29,1.58,0.74,0.07,,0.08,4.0,5.17,6.46,2.38,0.38,0.56,1.36,0.65,
2023,1,1.88,1.34,0.6,0.06,0.04,0.07,4.0,4.66,6.88,2.31,0.13,0.63,1.23,0.53,2.95
2017,0,1.13,0.78,0.3,-0.0,0.01,-0.02,2.59,3.64,4.89,1.41,0.02,0.78,0.77,0.32,1.34
2018,0,1.26,0.89,0.4,0.01,0.02,,2.64,4.01,5.03,1.64,0.05,0.74,0.9,0.4,2.1
2019,0,1.45,1.16,0.53,0.07,0.05,0.02,3.6,5.25,5.81,1.59,0.13,0.73,0.97,0.39,2.24
2020,0,0.81,0.6,0.28,0.01,0.01,0.01,2.72,4.15,4.55,0.87,0.0,0.81,0.93,0.36,1.1
2021,0,1.26,0.85,0.21,0.02,0.01,-0.01,2.27,3.37,5.04,1.45,,0.78,0.86,0.36,1.05
2022,0,1.13,,0.47,0.01,0.0,-0.0,2.93,4.22,4.59,1.74,0.16,0.75,0.98,0.39,1.8
2023,0,0.94,0.98,0.45,-0.01,0.01,0.03,3.05,4.55,4.45,1.48,0.07,0.69,0.95,0.37,1.96
2017,1,1.73,1.47,0.69,0.02,0.04,0.07,4.28,5.64,5.13,2.19,0.27,0.6,1.16,0.54,2.71
2018,1,1.5,1.16,0.42,0.03,0.03,0.04,3.16,4.89,5.0,1.66,0.03,0.64,1.05,0.45,2.33
2019,1,2.54,1.85,1.04,0.1,0.1,0.11,5.22,6.95,7.57,,0.36,0.47,1.57,0.72,3.73
2020,1,2.26,1.44,0.67,0.07,0.07,0.07,3.77,5.67,5.87,2.58,0.32,0.58,1.31,0.58,2.98
2021,1,1.96,1.51,0.75,0.04,0.05,0.07,4.18,5.15,5.32,1.95,0.27,0.67,1.14,0.52,2.51
2022,1,1.48,1.15,0.36,0.01,0.03,0.04,3.07,4.25,5.02,1.75,0.07,0.68,1.08,0.44,1.43
2023,1,2.06,1.75,0.79,0.15,0.09,0.12,4.88,6.48,6.74,2.67,0.38,0.53,1.37,0.68,3.4
2017,0,1.1,1.03,0.39,-0.02,0.03,0.02,3.42,3.98,4.15,1.59,,0.81,1.18,0.34,1.74
2018,0,1.07,0.7,0.14,-0.0,0.0,-0.04,1.87,4.16,,1.15,-0.05,0.81,0.74,0.34,1.31
2019,0,1.08,0.91,0.42,#DIV/0!,0.0,0.02,2.94,4.57,4.26,1.43,0.22,0.67,0.78,0.34,1.99
2020,0,0.88,0.72,0.35,-0.09,0.0,-0.02,2.58,3.22,4.21,1.59,-0.04,0.74,0.81,,1.18
2021,0,1.1,0.71,0.36,-0.02,0.02,0.03,2.94,4.15,3.81,1.6,0.06,0.77,0.88,,1.35
2022,0,0.65,0.72,0.27,-0.0,0.03,0.04,2.69,3.25,4.01,1.26,0.04,0.76,0.81,0.3,1.26
2023,0,0.98,0.74,0.31,0.01,-0.01,0.02,2.86,4.0,3.44,0.93,0.01,0.84,0.8,0.31,1.2
2017,1,2.11,1.8,0.78,0.1,0.09,0.08,4.82,6.3,6.76,2.55,0.23,0.56,1.37,0.69,3.54
2018,1,2.26,1.58,0.78,0.15,0.08,0.08,4.55,5.53,6.14,2.82,0.35,0.58,1.47,0.68,3.57
2019,1,1.97,1.92,0.84,0.08,0.1,0.1,4.65,6.1,7.45,2.66,0.32,0.6,1.48,0.73,3.56
2020,1,2.15,1.61,0.74,0.11,0.08,0.1,4.49,6.2,6.58,2.48,0.32,0.57,,0.59,3.3
2021,1,1.91,1.43,0.79,0.09,0.08,0.07,4.09,5.45,6.39,2.5,0.27,0.65,,0.63,2.89
2022,1,1.77,1.44,0.58,0.11,0.04,0.04,3.92,6.06,6.09,2.3,0.3,0.6,1.36,0.58,2.9
2023,1,2.2,1.67,0.82,0.09,0.06,0.12,4.4,5.78,6.12,2.52,0.37,0.57,1.31,0.64,
2017,0,1.21,0.72,0.28,-0.02,-0.0,-0.02,1.98,3.44,5.24,1.42,0.13,0.75,0.83,0.43,1.58
2018,0,1.0,0.52,0.15,0.04,-0.01,0.0,2.15,2.72,4.08,1.29,-0.11,0.82,0.76,0.28,0.97
2019,1,2.17,1.64,0.82,#DIV/0!,0.09,0.12,4.51,6.06,6.36,2.59,0.33,0.54,1.34,0.59,3.06
2020,1,1.95,1.4,0.68,0.07,0.04,0.1,4.34,5.29,5.61,2.5,0.19,0.61,1.25,0.63,3.19
2021,1,1.37,1.55,0.47,0.03,0.01,0.05,3.59,4.91,5.78,2.02,0.23,0.61,1.15,0.5,2.43
2022,0,1.11,1.03,0.37,0.0,0.05,0.06,2.66,3.85,4.37,1.88,0.06,0.67,1.05,0.45,2.43
2023,1,1.99,1.66,0.78,0.1,0.06,0.07,4.49,6.49,5.95,2.42,0.36,0.59,1.39,0.62,2.86
2017,1,2.43,1.71,0.89,0.13,0.09,0.14,4.78,7.09,7.74,2.92,0.43,0.49,1.48,0.75,3.75
2018,1,2.37,1.65,0.88,0.11,0.08,0.1,4.61,6.21,7.29,2.75,0.41,0.52,1.5,0.75,3.62
2019,1,2.06,1.67,0.74,0.11,0.08,0.07,3.93,6.03,6.57,2.27,0.26,0.57,1.32,0.66,3.36
2020,1,2.16,1.77,0.81,0.09,0.08,0.1,4.81,6.22,7.53,2.45,0.43,0.54,1.42,0.69,3.71
2021,1,1.86,1.54,0.62,0.02,0.07,0.06,4.17,,6.32,2.3,0.3,0.59,1.32,0.54,3.22
2022,1,2.13,1.48,0.82,0.06,0.06,0.09,4.44,5.85,6.83,2.28,0.41,0.57,1.31,0.7,2.97
2023,1,1.94,1.44,0.68,0.04,0.07,0.07,4.2,5.27,6.4,2.16,0.2,0.69,1.05,0.69,2.96
2017,1,1.66,1.47,0.68,0.07,0.06,0.1,4.24,5.65,6.37,2.31,0.2,0.67,1.24,0.53,2.55
2018,1,1.65,1.31,0.71,0.04,0.04,0.08,3.9,5.87,6.11,2.04,0.19,0.62,1.06,0.54,2.69
2019,1,2.18,1.82,0.74,0.1,0.1,0.07,4.17,6.6,6.94,2.54,0.28,0.56,1.4,0.67,3.11
2020,1,1.77,1.39,0.61,0.06,0.03,0.06,4.22,5.07,6.5,2.44,0.31,0.62,1.23,0.59,3.18
2021,1,2.11,1.94,0.85,0.15,0.05,0.08,4.92,6.38,6.69,2.98,0.33,0.59,1.44,0.65,3.42
2022,1,2.07,1.83,0.89,0.09,0.09,0.08,5.11,6.29,7.32,2.85,0.28,0.57,1.4,0.71,3.3
2023,1,1.91,1.52,0.67,0.06,0.06,0.07,3.98,5.29,6.33,1.79,0.13,0.66,1.21,0.6,2.63
2017,1,2.42,1.82,0.9,0.12,0.09,0.11,5.48,7.0,7.56,2.96,0.43,0.54,1.62,0.73,3.67
2018,1,1.94,1.38,0.66,#DIV/0!,0.06,0.06,4.24,4.71,6.28,1.92,0.21,0.64,1.08,0.58,2.46
2019,1,1.55,,0.62,0.05,0.06,0.08,3.54,5.1,5.58,1.84,0.14,0.65,1.15,0.53,2.54
2020,1,1.78,1.13,0.57,0.05,0.02,0.05,3.08,4.52,4.61,1.63,0.18,0.72,1.1,0.4,1.63
2021,1,1.89,1.48,0.69,#DIV/0!,0.06,,4.31,5.82,6.08,2.57,0.37,0.58,1.21,0.61,3.19
2022,1,1.96,,0.76,0.07,0.07,0.08,4.61,6.09,5.69,2.82,0.29,0.65,1.37,0.64,3.12
2023,1,2.09,1.72,0.87,0.12,0.11,0.11,4.81,6.05,6.58,2.78,0.5,0.54,1.4,0.72,3.13
2017,1,1.97,1.72,0.86,0.1,0.09,0.07,4.0,6.1,6.47,2.73,0.31,0.58,1.36,0.65,3.14
2018,1,1.72,1.05,0.5,0.02,0.04,0.05,3.1,4.4,5.62,1.67,0.12,0.72,1.02,0.52,2.36
2019,1,1.64,1.21,0.54,0.01,0.04,0.04,3.64,4.83,6.09,1.73,0.0,0.68,1.06,0.51,2.07
2020,1,2.46,1.98,0.88,0.12,0.06,0.07,5.22,5.69,7.44,2.83,0.47,0.53,1.6,0.7,4.0
2021,1,1.55,0.78,0.56,0.06,0.01,0.05,3.08,4.46,5.22,1.8,0.08,0.68,0.98,0.49,1.58
2022,1,1.7,1.3,,0.03,0.09,0.05,3.83,5.11,6.36,2.61,0.2,0.66,1.12,0.6,3.2
2023,1,2.31,2.04,0.85,0.09,0.1,,4.87,6.24,7.51,2.77,0.42,0.52,1.39,0.69,3.24
2017,1,1.96,1.36,0.63,0.11,0.03,0.07,3.92,5.1,6.7,2.24,0.27,0.66,1.18,0.61,2.96
2018,1,1.56,1.31,0.57,0.08,0.03,0.07,3.3,4.38,5.04,1.92,0.22,0.69,1.07,0.44,2.47
2019,1,1.78,1.28,0.56,0.07,0.05,0.06,3.51,4.61,5.22,2.21,0.11,0.69,1.14,0.56,2.51
2020,1,1.33,1.11,0.38,0.02,0.07,0.01,3.18,4.27,5.04,1.74,0.1,0.69,1.09,0.52,2.08
2021,1,2.17,1.6,0.85,0.06,0.06,0.09,3.91,5.66,6.61,2.49,0.27,0.65,1.45,0.72,3.26
2022,1,1.95,1.43,0.65,0.02,0.07,0.07,3.9,5.54,5.75,2.19,0.26,0.6,1.12,0.5,2.93
2023,1,1.69,1.1,0.47,0.02,0.03,0.04,3.37,4.44,5.03,1.77,0.25,0.66,1.03,0.54,2.17
2017,1,2.17,1.74,0.88,0.16,0.07,0.11,5.2,6.49,7.61,3.16,0.4,0.56,1.51,0.66,3.28
2018,1,1.95,1.43,0.7,0.08,0.08,0.1,3.94,5.84,5.99,2.25,0.34,0.6,1.33,0.62,2.99
2019,1,1.97,1.69,0.84,0.03,0.07,0.09,4.47,5.28,6.03,2.33,0.31,0.57,1.28,0.65,3.59
2020,1,1.88,1.71,0.75,0.14,0.06,0.08,5.15,6.29,6.35,2.62,0.26,0.58,1.31,,3.4
2021,1,2.18,1.51,,0.15,0.06,0.1,4.51,5.56,6.2,2.49,0.25,0.62,1.31,0.58,3.17
2022,1,2.05,1.53,0.76,0.13,0.05,0.11,4.49,6.25,6.37,2.24,0.32,0.64,1.25,0.59,3.3
2023,1,1.73,1.33,0.65,0.06,0.05,0.09,3.73,4.91,6.23,2.18,0.19,0.63,1.09,0.55,2.29
2017,1,1.69,1.46,0.65,0.06,0.03,0.07,4.11,5.78,5.85,2.11,0.22,,1.32,0.62,2.96
2018,1,2.02,1.84,0.89,0.06,0.1,0.11,4.12,6.05,7.32,2.81,0.36,0.59,1.34,0.67,3.23
2019,1,1.81,1.38,0.52,0.02,,0.04,4.14,5.02,5.85,2.14,0.17,0.7,1.14,0.53,2.07
2020,1,2.17,1.7,0.74,0.11,0.07,0.08,4.87,5.6,7.42,2.89,0.32,0.63,1.31,0.69,3.33
2021,1,1.39,1.16,0.53,0.05,0.04,0.04,3.14,4.84,5.03,1.95,0.11,0.68,1.22,,2.05
2022,1,2.09,1.44,0.81,0.11,0.05,0.08,4.36,6.34,6.15,2.62,0.2,0.59,1.38,0.63,3.66
2023,1,2.15,1.7,0.79,0.07,0.06,0.09,4.3,5.91,7.03,2.37,0.32,0.61,1.33,0.71,2.91
2017,1,1.93,1.7,0.73,0.07,0.07,0.1,4.25,6.09,6.32,2.53,0.24,0.64,1.25,0.63,2.69
2018,1,2.0,1.62,0.72,0.1,0.06,0.07,3.85,5.82,5.39,2.09,0.21,0.63,1.18,0.62,2.77
2019,1,1.62,1.42,,0.02,0.05,0.06,4.44,,5.45,2.39,0.22,0.61,1.29,0.56,2.98
2020,1,2.03,1.56,0.73,0.06,0.06,0.1,3.95,5.99,6.8,2.29,0.31,0.55,1.42,0.63,3.57
2021,1,2.13,1.85,0.85,0.07,0.08,0.12,5.24,5.8,6.86,2.56,0.4,0.5,1.52,0.75,3.8
2022,1,1.8,1.3,0.63,0.07,0.08,,4.09,5.31,5.58,2.04,0.25,0.63,1.18,0.57,3.24
2023,1,2.13,1.69,0.77,0.1,0.08,0.08,4.38,5.7,6.08,2.49,0.3,0.65,1.27,0.57,3.33
2017,1,1.44,1.21,0.51,0.06,0.0,0.01,3.26,4.85,5.31,1.52,0.19,0.7,1.08,0.43,1.71
2018,1,1.37,1.09,0.42,0.04,0.02,0.02,3.41,4.98,4.73,1.51,0.12,0.72,0.96,0.52,2.01
2019,1,1.73,1.4,0.68,0.1,0.04,0.06,3.69,5.68,5.41,2.27,0.18,0.63,1.3,0.55,2.84
2020,1,1.8,1.52,0.75,0.09,0.07,0.12,4.27,5.94,5.37,2.71,0.29,0.57,1.26,0.63,3.25
2021,1,2.09,1.7,0.77,0.1,0.07,0.11,4.64,6.05,6.21,2.82,0.38,0.59,1.38,0.68,3.26
2022,1,2.12,1.59,0.79,0.13,0.06,0.1,4.84,5.69,7.0,2.71,0.25,0.62,1.31,0.65,3.49
2023,1,2.16,1.54,0.68,0.09,0.07,0.09,3.92,5.8,6.43,2.58,0.28,0.67,1.3,0.59,2.79
2017,1,2.15,1.63,0.83,0.1,0.07,0.1,3.95,5.99,6.57,2.73,0.28,0.59,1.47,0.63,2.88
2018,1,2.52,1.86,0.89,0.1,0.1,,4.95,7.15,7.38,2.87,0.34,0.54,1.56,0.78,3.86
2019,1,2.37,1.61,0.68,0.12,0.08,,4.77,5.46,6.24,2.59,0.27,0.58,1.41,0.64,2.86
2020,1,1.96,1.67,0.74,#DIV/0!,0.08,0.06,4.27,6.93,7.29,2.2,0.29,0.59,1.23,0.72,3.2
2021,1,1.94,1.53,0.73,#DIV/0!,0.08,0.08,3.65,,6.71,2.34,0.39,0.6,1.41,0.58,2.79
2022,1,1.64,1.4,0.64,0.08,0.03,0.04,4.1,5.27,5.55,2.09,0.15,0.63,1.18,0.55,2.59
2023,1,1.8,1.61,0.66,0.06,0.05,0.08,4.06,5.28,5.77,2.38,0.28,0.57,,0.56,2.35
2017,1,1.69,1.33,0.5,0.03,0.04,0.06,3.63,,5.72,2.54,0.27,0.63,1.23,0.59,2.76
2018,1,1.89,1.67,0.76,0.12,0.06,0.09,4.55,5.99,7.16,2.19,0.32,0.58,1.29,0.69,2.99
2019,1,2.16,1.67,0.79,0.09,0.08,0.08,4.08,6.1,6.45,2.09,0.36,0.59,1.24,0.65,3.23
2020,1,1.95,1.43,0.55,0.12,0.05,,4.29,5.82,6.06,2.58,0.22,0.62,1.29,0.65,2.42
2021,1,1.68,1.29,0.68,0.09,0.04,0.06,3.75,5.88,6.31,2.33,0.18,0.57,1.29,0.64,2.31
2022,1,1.6,1.39,0.68,0.03,0.05,0.06,3.67,5.1,5.58,2.17,0.19,0.66,1.14,0.57,2.5
2023,1,2.35,1.55,0.76,0.14,0.05,0.05,4.57,6.31,5.81,2.48,0.26,0.59,1.34,0.69,2.89
2017,1,2.42,1.65,0.78,0.13,0.04,0.09,4.7,6.42,5.89,2.36,0.19,0.6,1.38,0.71,3.31
2018,1,2.51,1.73,0.99,0.09,0.1,0.12,4.54,6.78,8.06,2.91,0.41,0.49,1.61,0.72,4.32
2019,1,2.33,1.59,0.75,0.04,0.1,0.08,4.66,6.15,7.37,2.83,0.4,0.53,1.46,0.72,3.64
2020,1,1.36,0.98,0.52,0.09,0.02,0.01,3.86,5.62,5.56,1.93,0.16,0.71,1.11,0.49,2.0
2021,1,1.97,1.62,0.73,0.11,0.08,0.09,4.26,5.68,,2.53,0.28,0.61,1.25,0.63,2.91
2022,1,2.16,1.67,0.84,0.06,0.07,0.09,4.2,,7.64,2.45,0.34,0.5,1.36,0.61,3.23
2023,1,2.0,1.58,0.76,0.08,0.08,0.09,4.48,5.66,6.71,2.83,0.34,0.63,1.3,0.66,
2017,1,2.01,1.54,0.73,0.04,0.06,0.06,4.22,5.89,6.27,2.22,0.26,0.67,1.38,0.58,2.87
2018,1,2.23,1.63,0.85,0.09,0.06,0.1,4.64,5.66,6.56,3.03,0.36,0.6,1.43,0.73,3.61
2019,1,2.08,1.86,0.88,0.11,0.1,0.1,5.18,6.31,7.24,2.74,0.32,0.5,1.48,0.75,3.62
2020,1,1.86,1.47,0.59,0.06,0.06,0.05,4.08,5.15,6.2,2.65,0.25,0.58,1.25,0.59,2.6
2021,1,1.82,1.19,0.52,0.05,0.07,0.04,3.73,4.7,5.91,2.17,0.14,0.69,1.04,0.61,2.96
2022,1,1.96,1.63,0.81,0.05,0.09,0.07,4.82,5.57,6.56,2.48,0.24,0.61,1.39,0.66,3.13
2023,1,1.36,1.17,0.55,#DIV/0!,0.02,0.06,2.82,4.6,5.74,1.72,0.11,0.65,1.11,0.45,2.33
2017,1,2.14,1.69,0.81,0.12,0.1,0.1,4.62,5.93,6.56,2.44,0.15,0.55,1.34,,3.38
2018,1,1.67,1.2,0.48,0.08,0.06,0.07,3.82,5.16,5.4,1.96,0.28,0.71,1.14,0.53,2.71
2019,1,1.9,1.5,0.66,0.05,0.09,0.09,4.61,6.08,6.1,2.12,0.26,0.61,1.36,0.6,3.74
2020,1,1.86,1.24,0.59,0.07,0.04,0.06,4.19,5.66,5.73,2.41,0.2,0.69,1.24,0.57,2.64
2021,1,1.91,1.3,0.58,-0.02,0.03,0.04,3.45,,5.94,2.45,0.23,0.57,1.13,0.57,2.62
2022,1,2.27,1.79,0.78,0.05,0.06,0.09,4.58,6.58,7.12,3.03,0.29,0.61,1.45,0.66,3.14
2023,1,2.0,1.27,0.5,0.11,0.06,0.07,3.74,5.29,5.76,2.03,0.22,0.65,1.09,0.55,2.2
2017,1,2.08,1.54,0.75,0.06,0.06,0.13,4.57,5.83,6.99,2.43,0.31,0.51,,0.64,3.1
2018,1,2.02,1.6,0.68,0.06,0.08,0.09,4.23,6.01,6.59,2.59,0.23,0.6,1.37,0.68,2.92
2019,1,1.94,1.45,0.78,0.08,0.05,0.08,4.09,5.89,6.93,2.26,0.31,0.6,1.16,0.65,3.61
2020,1,2.21,1.78,0.96,0.09,0.1,0.09,4.78,6.85,7.07,2.84,0.42,0.52,1.45,0.67,
2021,1,2.16,1.68,0.94,0.09,0.05,0.12,5.07,6.21,6.21,2.71,0.48,,1.47,0.71,3.74
2022,1,1.95,1.56,0.65,0.07,0.04,0.09,4.08,6.26,6.38,2.2,0.21,0.63,1.39,0.66,
2023,1,2.08,1.79,0.89,0.09,0.08,0.08,4.55,5.82,7.31,2.55,0.37,0.59,1.6,0.65,
2017,1,2.07,1.64,0.77,0.09,0.07,0.09,4.63,6.09,6.77,2.52,0.27,0.54,1.29,0.62,3.63
2018,1,2.32,1.71,0.8,0.09,0.07,0.1,5.22,6.03,7.09,2.85,0.41,0.53,1.48,0.71,3.46
2019,1,1.85,1.04,0.53,0.05,0.05,0.05,3.37,4.4,5.44,1.94,0.19,0.67,1.1,0.42,2.02
2020,1,2.34,1.82,0.82,0.14,0.08,0.1,4.34,5.63,6.96,2.86,0.37,0.59,1.37,0.67,3.45
2021,1,1.53,0.93,0.33,0.03,0.03,0.03,3.0,4.79,4.81,1.55,0.21,0.73,1.01,0.34,1.96
2022,1,1.66,1.24,0.72,0.07,0.06,0.08,3.99,5.57,6.13,2.53,0.18,0.58,1.35,0.56,3.02
2023,1,2.31,1.71,0.87,0.11,0.07,0.1,5.26,6.64,7.13,2.87,0.4,0.52,1.54,0.64,3.85
2017,1,1.99,1.58,0.68,#DIV/0!,0.08,0.09,3.96,6.31,6.07,2.39,0.35,0.65,1.23,0.62,2.9
2018,1,2.24,1.67,0.79,0.07,0.09,0.08,5.17,5.87,7.36,2.88,0.39,0.62,1.38,0.67,3.47
2019,1,2.05,1.37,0.63,0.06,0.04,0.09,4.29,5.96,6.16,2.26,0.22,0.66,1.24,0.56,3.11
2020,1,1.93,1.65,0.75,0.04,0.05,0.08,4.02,5.95,6.34,2.33,0.33,0.57,1.25,0.61,2.93
2021,1,1.59,1.05,0.45,0.01,0.02,0.06,3.38,,5.64,1.91,0.06,0.66,1.11,0.47,2.34
2022,1,1.84,1.66,0.78,0.09,0.04,0.07,4.41,5.93,6.07,2.3,0.25,0.59,1.25,0.58,2.98
2023,1,1.98,1.54,0.65,0.06,0.07,0.1,4.63,6.63,,2.45,0.25,0.58,1.28,0.63,3.35
2017,1,2.03,1.38,0.64,#DIV/0!,0.06,0.05,4.25,5.18,7.31,1.98,0.28,0.57,1.33,0.58,3.21
2018,1,2.0,1.78,0.66,0.1,0.06,0.08,5.0,5.74,6.75,2.42,0.38,0.59,1.41,0.7,3.25
2019,1,2.25,1.67,0.73,0.1,0.08,0.09,4.68,6.13,6.3,2.72,0.38,0.56,1.52,0.66,
2020,1,2.29,2.0,0.92,0.1,0.08,0.13,5.15,6.52,7.34,2.95,0.42,0.53,1.4,0.74,3.57
2021,1,2.54,1.82,0.83,0.12,0.08,0.11,4.53,6.08,7.57,2.57,0.37,0.56,1.55,0.68,3.79
2022,1,1.99,1.52,0.73,0.08,0.07,0.08,4.0,,5.46,2.26,0.29,0.62,1.3,0.58,3.56
2023,1,2.42,2.08,0.96,0.13,0.09,0.09,4.9,6.78,6.94,3.01,0.37,0.51,1.56,0.71,3.94
2017,1,2.26,,0.63,#DIV/0!,0.08,0.1,4.79,5.35,7.13,3.01,0.26,0.57,1.37,0.66,3.41
2018,1,1.75,1.44,0.59,#DIV/0!,0.06,0.04,3.72,5.26,6.01,2.28,0.28,0.63,1.25,0.56,2.81
2019,1,2.15,1.67,0.79,0.13,0.09,0.13,4.72,6.8,6.91,2.61,0.32,0.56,1.37,0.63,3.22
2020,1,2.2,1.77,0.84,0.07,0.07,0.13,,6.39,6.77,2.66,0.4,0.52,1.54,0.61,3.36
2021,0,0.95,0.54,0.22,-0.06,,-0.01,2.55,3.15,3.77,1.29,-0.09,0.76,0.83,0.36,1.17
2022,0,1.12,0.67,0.35,0.0,0.01,0.01,2.52,4.13,4.28,1.29,-0.03,,0.89,0.33,1.36
2023,0,1.08,0.7,0.21,-0.01,0.01,-0.01,2.33,,3.52,1.37,-0.14,0.82,0.68,0.3,0.77
2017,1,1.88,1.42,0.67,0.07,0.05,0.04,3.95,5.32,5.98,2.29,0.21,0.61,1.26,0.54,2.6
2018,1,2.0,1.65,0.68,0.06,0.08,0.05,4.09,6.36,6.32,2.44,0.24,0.64,1.33,0.52,2.85
2019,1,2.21,1.59,0.77,0.13,0.09,0.09,4.18,,6.93,2.24,0.36,0.53,1.27,,2.8
2020,1,1.83,1.57,0.71,0.06,0.08,0.08,4.03,5.73,5.9,2.33,0.39,0.55,1.23,0.59,2.88
2021,1,1.7,1.46,0.68,0.04,0.06,0.08,3.86,5.93,6.64,2.55,0.22,0.59,1.25,0.58,2.84
2022,1,2.26,1.98,0.88,0.07,0.08,0.11,4.85,5.73,6.98,2.77,0.36,0.49,1.41,0.71,3.37
2023,1,1.76,1.4,0.62,0.04,0.08,0.04,4.08,5.89,6.11,,0.24,0.67,1.15,0.65,2.71
2017,1,1.92,1.46,0.68,0.08,0.06,0.07,4.68,5.99,6.07,2.38,0.28,0.61,1.27,0.6,2.9
2018,1,1.22,1.36,0.51,0.09,0.03,0.03,2.97,4.62,5.61,1.83,0.06,0.71,1.13,0.46,2.09
2019,1,1.38,1.16,0.46,0.03,0.07,0.03,3.06,4.51,4.61,2.1,0.09,0.65,0.98,0.41,2.25
2020,1,1.76,1.48,0.62,0.04,0.06,0.05,3.82,5.09,5.16,2.34,0.27,0.63,1.21,0.47,2.62
2021,1,1.79,1.27,0.64,#DIV/0!,0.03,0.06,3.77,5.29,6.02,2.39,0.15,0.59,1.18,0.56,2.77
2022,1,2.0,1.54,0.78,0.06,0.06,0.09,3.67,6.12,6.9,2.39,,0.64,1.25,0.6,2.99
2023,1,2.19,1.78,0.78,0.06,0.06,0.09,4.64,6.34,7.04,2.66,0.29,0.59,1.29,0.62,3.41
2017,1,1.82,1.22,0.58,0.05,0.05,0.08,4.07,5.3,6.28,2.07,0.27,0.62,1.2,0.57,2.65
2018,1,1.57,1.27,0.58,0.03,0.03,0.05,3.42,4.89,5.02,1.78,0.14,0.71,1.12,0.46,1.95
2019,1,2.08,1.56,0.72,0.06,0.05,0.08,4.04,,6.27,2.19,0.31,0.65,1.36,0.62,3.12
2020,1,1.55,0.95,0.36,0.03,0.02,0.04,3.51,4.95,5.31,1.55,0.09,0.7,1.04,0.42,2.01
2021,1,2.05,,0.83,0.06,0.06,0.09,4.89,6.15,6.97,2.31,0.35,0.55,1.38,0.56,
2022,1,1.25,0.97,0.5,-0.0,0.02,0.02,2.92,4.54,4.2,1.39,0.04,0.71,0.91,0.41,1.86
2023,1,1.79,1.38,0.64,0.08,0.03,0.07,3.52,5.51,5.98,2.14,0.22,0.64,1.26,0.59,2.88
2017,1,1.99,1.22,0.57,0.06,0.07,0.06,4.21,5.03,6.09,2.35,0.29,0.61,1.23,0.51,2.78
2018,1,1.6,1.1,0.42,0.08,0.03,0.03,3.35,5.48,5.89,1.88,0.21,0.64,1.13,0.47,2.43
2019,1,1.57,1.15,0.58,0.02,0.03,0.07,3.79,4.58,5.9,2.04,0.26,0.71,1.03,0.55,2.89
2020,1,2.37,1.49,0.78,0.13,0.07,0.11,4.76,5.86,6.93,2.69,0.39,0.52,1.46,0.68,3.05
2021,1,1.57,1.3,0.63,0.09,0.05,0.05,4.22,5.87,,2.25,0.1,0.62,1.35,0.57,2.44
2022,1,1.74,1.17,0.61,#DIV/0!,0.04,0.05,3.52,4.59,6.33,2.05,0.13,0.65,1.18,0.5,
2023,1,1.5,1.28,0.55,0.06,0.01,0.04,3.91,4.82,5.35,1.91,0.26,0.65,1.14,0.5,2.0
2017,1,1.97,1.41,0.63,0.03,0.05,,3.73,5.26,6.27,2.76,0.21,0.59,1.31,0.62,2.76
2018,0,1.14,0.67,0.29,0.0,0.03,0.02,2.59,3.94,4.45,1.28,0.05,0.75,0.89,0.3,1.08
2019,1,1.97,1.54,0.67,0.05,0.07,0.08,3.43,6.25,6.49,2.26,0.3,0.63,1.29,0.55,2.94
2020,1,1.94,1.35,0.83,0.11,0.06,0.1,3.76,6.01,6.17,2.77,0.33,0.6,1.26,0.59,3.28
2021,1,1.95,1.57,0.57,0.05,0.01,0.03,3.83,5.1,5.85,1.93,0.22,0.56,1.11,0.55,2.96
2022,1,1.87,1.41,0.62,0.06,0.05,0.1,4.05,5.77,5.52,2.46,0.31,0.56,1.2,0.56,2.87
2023,1,1.72,1.23,0.59,0.06,0.05,0.06,3.84,5.8,6.27,2.06,0.26,0.67,1.14,0.54,2.74
2017,0,1.78,1.15,0.51,-0.0,0.03,0.05,3.06,5.51,5.2,1.91,0.18,0.72,1.1,0.44,2.39
2018,0,0.94,0.75,0.28,-0.06,0.02,,2.65,3.42,3.81,1.75,-0.12,,1.01,0.46,1.9
2019,0,1.84,1.43,0.62,0.04,0.03,0.04,3.47,,5.66,2.01,0.11,0.61,1.16,0.48,3.29
2020,0,1.66,1.17,0.53,0.01,0.05,,4.17,5.19,6.33,1.84,0.17,0.69,1.17,0.51,
2021,1,1.7,1.33,0.69,0.08,0.04,0.03,4.12,5.66,5.4,2.06,0.27,0.66,1.04,0.5,2.78
2022,1,1.93,1.37,0.67,0.1,0.07,0.07,3.7,5.26,6.15,2.33,0.3,0.6,,0.52,2.7
2023,1,1.87,1.52,0.67,0.09,0.05,0.08,,6.04,5.7,2.26,0.19,0.59,1.24,0.49,2.96
2017,0,1.29,0.94,0.39,0.01,0.02,0.05,3.31,3.58,4.72,1.54,0.14,0.73,0.96,0.38,1.98
2018,0,0.81,0.8,0.26,-0.04,0.02,0.01,2.12,3.36,3.34,0.93,0.04,0.76,0.68,0.33,1.57
2019,0,1.57,1.13,0.6,0.05,0.05,0.04,3.4,5.14,4.65,1.55,0.24,0.64,1.13,,2.68
2020,0,0.92,0.65,0.34,-0.03,0.02,0.02,2.24,4.53,4.16,1.34,0.06,0.75,0.94,0.32,1.81
2021,0,1.32,1.11,0.52,0.05,,0.05,3.17,5.16,5.51,1.8,0.26,0.67,1.04,0.49,2.65
2022,0,1.74,1.25,0.56,0.01,0.04,0.05,3.9,5.15,5.44,1.9,0.2,0.57,1.15,0.59,2.56
2023,0,1.36,1.04,0.38,-0.03,0.0,0.03,3.35,3.63,4.35,1.53,-0.03,0.72,0.99,0.44,1.75
2017,1,1.76,1.31,0.57,0.04,0.04,0.04,3.65,4.57,5.83,1.96,0.13,0.62,1.12,0.51,2.31
2018,1,2.34,1.62,0.76,0.05,0.09,0.09,4.46,6.15,6.79,2.54,0.4,0.52,1.37,0.66,3.16
2019,1,2.2,1.88,,0.09,0.1,,,5.63,6.73,2.73,0.38,0.55,1.35,,3.2
2020,1,1.5,1.27,0.42,-0.02,0.04,0.06,3.75,4.5,4.92,1.79,0.14,0.66,1.1,0.55,2.3
2021,1,1.99,1.42,0.64,0.04,0.06,0.06,3.82,5.8,5.95,2.12,0.2,0.65,1.25,,2.96
2022,1,1.26,0.92,0.42,#DIV/0!,-0.0,0.01,3.1,4.11,4.93,1.29,0.11,0.74,0.91,0.45,1.81
2023,1,1.99,1.57,0.71,0.05,0.05,0.1,4.28,5.94,6.66,2.21,0.26,0.63,1.22,0.58,2.86
2017,0,1.73,1.15,0.59,0.05,0.05,0.02,3.56,4.6,5.13,2.09,0.17,0.64,1.08,0.58,2.53
2018,0,0.64,0.37,0.18,-0.05,-0.0,-0.03,2.2,3.18,3.27,1.09,-0.03,0.82,0.77,0.32,0.74
2019,0,1.68,1.05,0.46,0.0,0.02,0.05,3.61,5.47,5.47,1.64,0.22,0.7,1.07,0.52,2.8
2020,0,0.99,0.62,0.34,0.01,0.01,0.01,2.72,3.64,3.97,1.17,-0.03,0.78,0.84,0.33,1.16
2021,0,1.49,0.97,0.47,-0.0,0.03,0.02,2.91,4.47,4.95,1.82,0.03,,1.0,0.48,2.21
2022,0,0.56,0.43,0.17,-0.01,-0.02,-0.02,1.94,3.09,3.2,1.04,0.01,0.78,0.74,0.29,0.37
2023,0,1.32,1.01,0.36,-0.02,0.02,0.03,2.81,4.7,4.05,1.65,0.09,0.77,0.89,0.44,1.96
2017,0,1.18,0.56,0.26,-0.03,0.03,0.0,2.32,3.81,,1.16,0.05,0.67,0.77,0.32,1.79
2018,0,1.1,0.73,0.27,#DIV/0!,0.02,-0.0,2.52,3.94,3.64,1.05,0.14,0.75,0.93,0.33,1.23
2019,0,0.84,0.76,0.27,-0.02,0.03,0.04,2.37,3.1,4.5,0.97,0.02,0.77,0.81,0.38,1.09
2020,0,0.71,0.8,0.38,-0.05,0.01,0.02,,,4.51,1.45,0.03,0.76,0.9,0.3,1.71
2021,0,0.83,0.8,0.31,-0.02,0.0,0.04,2.85,3.77,3.9,1.51,0.02,0.75,0.79,0.37,1.63
2022,0,1.16,0.96,0.47,#DIV/0!,0.01,0.0,2.96,4.75,5.18,1.57,0.16,0.74,1.08,0.43,2.08
2023,0,1.52,1.21,0.62,-0.0,0.04,0.06,3.55,4.72,5.27,2.02,0.09,0.67,1.16,0.49,2.0
2017,0,0.89,0.69,0.21,-0.01,-0.0,-0.03,1.87,3.89,3.26,0.99,0.02,0.76,0.71,0.29,1.03
2018,0,0.86,0.64,0.24,-0.0,-0.01,0.0,1.99,4.05,3.6,0.83,0.13,0.78,0.77,0.23,1.14
2019,0,1.79,1.35,0.59,0.07,0.05,0.06,3.81,4.03,5.66,2.07,0.31,0.62,1.15,0.59,2.7
2020,0,1.12,0.93,0.35,-0.02,0.02,0.01,2.64,4.39,4.36,1.81,0.09,0.72,0.84,0.33,1.77
2021,0,1.03,0.45,0.25,-0.02,-0.0,-0.01,2.47,3.5,3.81,1.1,-0.04,0.76,0.75,0.27,1.11
2022,0,1.2,0.82,0.39,0.08,0.03,0.05,3.18,4.17,4.67,1.71,0.09,0.72,1.05,0.43,1.45
2023,0,1.01,0.95,0.3,-0.03,0.03,0.02,2.7,3.57,4.57,1.11,0.07,0.77,0.94,0.26,1.29
2017,1,2.31,1.69,0.87,0.1,0.09,0.11,4.93,6.84,7.07,2.92,0.4,0.54,1.46,0.65,3.6
2018,1,2.02,,0.72,0.11,0.06,0.07,3.82,6.07,6.44,2.57,0.4,0.56,1.24,0.58,2.58
2019,1,2.1,1.5,0.77,0.09,0.06,0.07,4.57,6.0,6.76,2.14,0.16,0.59,1.26,0.56,2.9
2020,1,,1.1,0.58,0.04,0.01,0.04,3.93,5.11,5.2,2.14,0.18,0.73,1.08,0.48,2.55
2021,1,1.98,1.5,0.61,0.12,,0.06,3.84,5.66,6.9,2.4,0.3,0.62,1.25,0.6,3.21
2022,1,1.53,0.85,0.52,0.03,0.02,0.03,3.35,4.29,5.09,1.58,0.0,0.72,1.19,0.47,2.05
2023,1,1.76,1.14,0.55,0.09,0.05,0.06,3.6,5.05,,1.99,0.22,0.65,1.14,0.49,2.29
2017,1,2.09,1.53,0.75,0.05,0.07,0.09,4.73,6.38,6.52,2.92,0.26,0.53,1.26,0.59,3.42
2018,1,2.12,1.64,0.83,0.11,0.07,0.11,5.06,5.98,7.26,2.89,0.37,0.54,1.35,0.72,3.63
2019,1,2.01,1.45,0.73,0.11,0.07,0.06,4.04,5.71,5.89,2.6,0.29,0.6,1.22,0.56,3.09
2020,1,2.2,1.55,0.84,0.1,0.07,0.08,4.49,5.66,7.09,2.61,0.38,0.49,1.35,0.65,3.25
2021,1,2.24,1.6,0.65,0.02,0.09,0.07,4.29,5.25,6.72,2.43,0.2,0.55,1.25,0.6,3.03
2022,1,1.6,1.06,0.54,0.03,0.04,0.01,3.69,4.38,5.79,2.17,0.07,0.71,1.11,0.55,2.64
2023,1,1.25,1.14,0.54,0.11,0.05,0.02,3.27,,4.7,1.5,0.1,0.67,0.97,0.42,2.22
2017,1,1.62,0.86,0.54,#DIV/0!,0.02,0.02,3.6,5.21,4.86,1.87,0.18,0.72,1.04,0.44,2.18
2018,1,1.95,1.76,0.73,0.07,0.07,0.07,4.3,5.63,6.15,2.59,0.2,0.66,1.32,0.69,3.33
2019,1,1.69,1.35,0.77,#DIV/0!,0.06,0.05,3.98,5.3,6.43,2.42,0.31,0.63,1.36,0.6,2.42
2020,1,2.19,1.6,0.82,0.08,0.09,0.11,4.57,6.3,7.37,2.89,0.32,0.51,1.6,0.69,3.97
2021,1,1.76,1.36,0.64,0.04,0.07,0.1,3.32,5.84,6.93,2.24,0.21,0.61,1.19,0.58,2.64
2022,1,2.07,1.96,0.83,0.08,,0.08,4.36,6.02,6.73,2.35,0.41,0.6,1.5,0.67,3.57
2023,1,1.5,1.16,0.54,0.04,0.03,0.05,3.43,4.76,4.84,1.62,0.16,0.7,1.02,0.52,2.76
2017,1,2.59,1.93,0.93,0.09,0.11,0.12,4.85,6.57,7.21,3.23,0.39,0.53,1.55,0.81,4.05
2018,1,2.28,1.79,0.78,0.09,0.09,0.08,4.49,6.42,6.69,2.71,0.26,0.58,1.38,0.69,
2019,1,1.95,1.47,0.6,0.05,0.06,0.07,3.93,5.32,5.56,2.57,,0.63,1.29,0.56,2.6
2020,1,1.89,1.52,0.77,0.08,0.09,0.1,4.55,6.15,6.42,2.39,0.24,0.54,1.4,0.6,3.37
2021,1,1.76,1.03,0.46,-0.01,,0.04,3.11,4.53,5.37,1.67,0.16,0.72,1.02,0.39,2.11
2022,1,1.85,1.34,0.64,0.09,0.05,,3.89,5.2,5.79,2.48,0.24,0.62,1.3,0.6,2.86
2023,1,1.82,1.36,0.54,0.03,0.06,0.08,3.74,5.3,5.43,2.13,0.29,0.7,1.17,0.53,2.3
2017,1,1.51,1.13,0.52,-0.01,0.03,0.05,3.44,5.31,5.02,1.49,0.12,0.59,1.11,0.47,2.3
2018,1,1.71,1.44,0.61,0.03,0.05,0.05,3.69,5.42,5.49,2.19,0.2,0.63,1.13,0.51,2.6
2019,1,2.08,1.69,0.69,0.04,0.07,0.08,4.34,5.97,6.21,2.55,0.26,0.61,1.34,0.66,2.82
2020,1,1.78,1.68,0.75,0.09,0.08,0.08,4.07,5.7,6.83,2.19,0.36,0.56,1.3,0.64,
2021,1,2.0,1.24,0.68,0.03,0.06,0.08,4.15,5.91,6.15,2.35,0.28,0.59,1.22,0.47,2.91
2022,1,1.68,1.3,0.62,0.08,0.04,0.09,4.05,,5.91,1.97,0.28,0.6,1.12,0.53,2.78
2023,1,1.89,1.24,0.61,0.06,0.06,0.06,3.32,5.19,5.71,1.5,0.1,0.68,1.24,0.51,2.68
2017,0,1.17,0.8,0.46,0.03,0.02,0.04,3.23,3.64,4.66,1.8,-0.01,0.68,1.0,0.47,1.75
2018,0,1.32,0.77,0.29,0.02,0.02,0.01,2.76,3.64,5.31,1.52,-0.01,0.79,0.88,0.36,1.56
2019,0,1.08,0.74,0.35,-0.03,-0.01,0.0,2.58,3.46,3.72,1.45,-0.06,0.83,0.87,0.41,1.81
2020,0,1.38,0.94,0.49,-0.03,0.05,0.02,2.94,3.86,4.83,1.49,0.15,0.75,0.92,0.38,1.72
2021,0,0.88,0.71,0.28,-0.03,0.0,-0.01,2.48,2.92,4.97,1.29,-0.08,0.78,0.71,0.28,1.27
2022,0,1.65,1.24,0.67,0.04,0.03,0.04,3.75,,5.7,1.97,0.23,0.66,1.05,0.5,3.01
2023,0,1.78,1.25,0.56,0.02,0.03,0.07,3.7,5.22,5.53,2.02,0.17,0.67,1.08,0.56,2.2
2017,1,2.33,1.71,0.73,0.14,0.1,0.08,4.65,6.36,7.06,2.61,0.44,0.52,1.26,0.65,3.75
2018,1,1.32,,0.44,0.03,0.03,0.04,3.21,4.44,5.01,1.63,0.09,0.71,0.86,0.43,1.83
2019,1,1.86,1.45,0.54,0.03,0.06,0.05,3.75,5.15,5.53,2.01,0.2,0.63,1.07,0.52,2.31
2020,1,1.93,1.29,0.79,0.12,0.07,0.08,3.93,5.48,6.7,2.47,0.3,0.62,1.35,0.64,3.14
2021,1,1.59,1.14,0.55,0.02,0.04,0.09,3.68,4.56,5.88,2.2,0.2,0.65,1.17,0.47,2.67
2022,1,1.99,1.53,0.67,0.11,0.06,0.1,4.13,5.43,6.97,2.54,0.29,0.56,1.32,0.73,3.33
2023,1,1.79,1.39,0.59,0.08,0.04,0.06,4.0,4.99,5.77,2.07,,0.67,1.18,0.69,2.59
2017,1,1.62,1.36,0.87,0.03,0.05,0.09,4.33,5.06,6.23,2.3,0.2,0.66,,0.52,3.09
2018,1,2.09,1.69,0.72,0.03,0.1,0.07,4.66,6.2,6.32,2.88,0.33,0.59,1.24,0.55,3.17
2019,1,2.18,1.75,0.93,0.14,0.09,0.09,4.54,6.3,7.05,2.72,,0.57,1.45,0.66,3.22
2020,1,2.1,1.62,0.75,0.05,0.09,0.07,4.18,6.4,6.12,2.5,0.27,0.64,1.43,0.61,3.01
2021,1,2.04,1.56,0.76,0.12,0.08,0.08,4.51,5.88,6.62,2.75,0.33,0.51,1.37,0.72,3.11
2022,1,2.05,1.72,0.9,0.14,0.08,0.09,4.88,6.68,7.48,2.83,0.5,0.59,1.37,0.64,3.34
2023,1,2.26,2.06,0.8,0.09,0.09,0.1,4.74,5.63,6.91,2.57,0.33,0.57,1.4,0.71,3.7
2017,0,1.07,0.63,0.37,-0.01,0.01,-0.01,1.86,3.76,3.8,1.4,-0.05,0.76,0.89,0.35,
2018,0,0.93,0.61,0.24,-0.02,0.01,0.01,2.07,3.73,3.71,1.0,-0.07,0.79,0.87,0.31,1.49
2019,0,1.21,0.69,0.25,#DIV/0!,0.0,0.01,2.96,3.61,4.09,1.75,0.04,0.76,0.93,0.35,1.55
2020,0,1.33,0.83,0.41,-0.01,-0.0,0.0,2.75,3.69,3.75,1.07,0.1,0.76,0.91,0.38,1.46
2021,0,1.52,1.04,0.53,0.04,0.05,0.07,3.41,5.34,5.74,1.95,0.05,0.69,1.07,0.48,2.15
2022,0,1.24,0.7,0.26,-0.0,-0.01,0.02,2.8,3.78,4.83,1.57,-0.01,0.78,0.94,0.37,1.42
2023,0,1.28,0.88,0.25,-0.02,-0.0,0.01,2.92,4.54,3.7,1.5,0.03,0.75,0.8,0.44,1.1
2017,1,1.73,1.21,0.58,0.04,0.05,0.05,4.12,5.13,5.58,2.26,0.34,0.63,1.16,0.51,2.78
2018,1,2.33,1.62,0.85,#DIV/0!,0.07,0.08,4.22,6.95,6.65,2.93,0.34,0.6,1.44,0.76,3.8
2019,1,1.96,1.69,0.75,0.07,0.05,0.07,4.29,6.39,6.05,2.51,0.32,0.64,1.32,0.63,3.39
2020,1,1.57,1.4,0.6,0.07,0.03,0.05,4.23,5.09,6.29,2.23,0.2,0.7,1.19,0.53,2.56
2021,1,1.88,1.45,0.69,0.09,0.09,0.1,4.73,6.13,6.14,2.6,0.34,0.58,1.32,0.63,2.83
2022,1,1.39,1.0,0.39,0.02,0.03,0.03,3.27,4.45,4.71,1.85,0.2,0.66,1.16,0.49,2.49
2023,1,2.0,1.46,0.59,0.11,0.07,0.08,4.54,5.4,6.28,2.42,0.26,0.58,1.34,0.62,3.16
2017,1,1.98,1.55,0.69,0.03,0.06,0.08,4.13,5.75,6.18,2.3,0.35,0.69,1.32,0.57,2.99
2018,1,2.08,1.55,0.72,#DIV/0!,0.07,0.06,3.89,5.52,6.0,2.33,0.28,0.63,1.08,0.55,3.07
2019,1,1.92,1.4,0.55,0.04,0.05,0.08,4.17,5.99,5.79,2.18,0.23,0.61,1.27,0.6,2.45
2020,1,1.96,1.58,0.71,0.09,0.09,0.07,4.35,5.73,6.31,2.41,0.37,0.62,1.27,0.64,2.94
2021,1,1.73,1.12,0.62,0.12,0.03,0.06,3.99,5.39,6.52,1.99,0.32,0.65,1.12,0.61,2.46
2022,1,1.58,1.18,0.43,0.04,0.03,0.06,3.13,4.72,5.17,,0.09,0.74,1.0,0.44,1.9
2023,1,1.53,1.25,0.56,#DIV/0!,0.04,0.09,3.44,5.11,5.34,1.95,0.18,0.66,1.2,0.5,2.13